run,nthreads,inp_type,time_ms,name
1,1,different,0,genome-runs_correct
1,2,different,1,genome-runs_correct
1,3,different,1,genome-runs_correct
1,4,different,2,genome-runs_correct
1,5,different,5,genome-runs_correct
1,6,different,11,genome-runs_correct
1,7,different,8,genome-runs_correct
1,8,different,18,genome-runs_correct
1,9,different,14,genome-runs_correct
2,1,different,0,genome-runs_correct
2,2,different,1,genome-runs_correct
2,3,different,1,genome-runs_correct
2,4,different,3,genome-runs_correct
2,5,different,9,genome-runs_correct
2,6,different,7,genome-runs_correct
2,7,different,14,genome-runs_correct
2,8,different,12,genome-runs_correct
2,9,different,21,genome-runs_correct
3,1,different,2,genome-runs_correct
3,2,different,7,genome-runs_correct
3,3,different,4,genome-runs_correct
3,4,different,3,genome-runs_correct
3,5,different,7,genome-runs_correct
3,6,different,11,genome-runs_correct
3,7,different,15,genome-runs_correct
3,8,different,13,genome-runs_correct
3,9,different,21,genome-runs_correct
4,1,different,0,genome-runs_correct
4,2,different,1,genome-runs_correct
4,3,different,8,genome-runs_correct
4,4,different,2,genome-runs_correct
4,5,different,8,genome-runs_correct
4,6,different,10,genome-runs_correct
4,7,different,10,genome-runs_correct
4,8,different,11,genome-runs_correct
4,9,different,21,genome-runs_correct
5,1,different,0,genome-runs_correct
5,2,different,1,genome-runs_correct
5,3,different,2,genome-runs_correct
5,4,different,3,genome-runs_correct
5,5,different,4,genome-runs_correct
5,6,different,11,genome-runs_correct
5,7,different,8,genome-runs_correct
5,8,different,18,genome-runs_correct
5,9,different,13,genome-runs_correct
6,1,different,0,genome-runs_correct
6,2,different,1,genome-runs_correct
6,3,different,1,genome-runs_correct
6,4,different,2,genome-runs_correct
6,5,different,4,genome-runs_correct
6,6,different,6,genome-runs_correct
6,7,different,9,genome-runs_correct
6,8,different,11,genome-runs_correct
6,9,different,20,genome-runs_correct
7,1,different,2,genome-runs_correct
7,2,different,8,genome-runs_correct
7,3,different,8,genome-runs_correct
7,4,different,5,genome-runs_correct
7,5,different,7,genome-runs_correct
7,6,different,10,genome-runs_correct
7,7,different,12,genome-runs_correct
7,8,different,19,genome-runs_correct
7,9,different,18,genome-runs_correct
8,1,different,0,genome-runs_correct
8,2,different,1,genome-runs_correct
8,3,different,1,genome-runs_correct
8,4,different,3,genome-runs_correct
8,5,different,7,genome-runs_correct
8,6,different,11,genome-runs_correct
8,7,different,9,genome-runs_correct
8,8,different,18,genome-runs_correct
8,9,different,15,genome-runs_correct
1,1,different,21557,proteome-ms_build
1,2,different,10879,proteome-ms_build
1,3,different,5537,proteome-ms_build
1,4,different,2769,proteome-ms_build
1,5,different,1590,proteome-ms_build
1,6,different,1080,proteome-ms_build
1,7,different,799,proteome-ms_build
1,8,different,677,proteome-ms_build
1,9,different,548,proteome-ms_build
2,1,different,36413,proteome-ms_build
2,2,different,18579,proteome-ms_build
2,3,different,9791,proteome-ms_build
2,4,different,4870,proteome-ms_build
2,5,different,2711,proteome-ms_build
2,6,different,1802,proteome-ms_build
2,7,different,1440,proteome-ms_build
2,8,different,1150,proteome-ms_build
2,9,different,1001,proteome-ms_build
3,1,different,64174,proteome-ms_build
3,2,different,33555,proteome-ms_build
3,3,different,16675,proteome-ms_build
3,4,different,8319,proteome-ms_build
3,5,different,4750,proteome-ms_build
3,6,different,3324,proteome-ms_build
3,7,different,2581,proteome-ms_build
3,8,different,2178,proteome-ms_build
3,9,different,1930,proteome-ms_build
4,1,different,18565,proteome-ms_build
4,2,different,9287,proteome-ms_build
4,3,different,4624,proteome-ms_build
4,4,different,2319,proteome-ms_build
4,5,different,1329,proteome-ms_build
4,6,different,984,proteome-ms_build
4,7,different,759,proteome-ms_build
4,8,different,594,proteome-ms_build
4,9,different,561,proteome-ms_build
5,1,different,24046,proteome-ms_build
5,2,different,12179,proteome-ms_build
5,3,different,6099,proteome-ms_build
5,4,different,3131,proteome-ms_build
5,5,different,1700,proteome-ms_build
5,6,different,1207,proteome-ms_build
5,7,different,873,proteome-ms_build
5,8,different,740,proteome-ms_build
5,9,different,598,proteome-ms_build
6,1,different,16490,proteome-ms_build
6,2,different,8210,proteome-ms_build
6,3,different,4194,proteome-ms_build
6,4,different,2167,proteome-ms_build
6,5,different,1231,proteome-ms_build
6,6,different,837,proteome-ms_build
6,7,different,623,proteome-ms_build
6,8,different,495,proteome-ms_build
6,9,different,477,proteome-ms_build
7,1,different,57328,proteome-ms_build
7,2,different,31005,proteome-ms_build
7,3,different,15261,proteome-ms_build
7,4,different,7796,proteome-ms_build
7,5,different,4417,proteome-ms_build
7,6,different,3238,proteome-ms_build
7,7,different,2643,proteome-ms_build
7,8,different,2339,proteome-ms_build
7,9,different,2075,proteome-ms_build
8,1,different,43247,proteome-ms_build
8,2,different,22018,proteome-ms_build
8,3,different,11182,proteome-ms_build
8,4,different,5797,proteome-ms_build
8,5,different,3164,proteome-ms_build
8,6,different,2220,proteome-ms_build
8,7,different,1654,proteome-ms_build
8,8,different,1380,proteome-ms_build
8,9,different,1148,proteome-ms_build
1,1,different,223732,genome-runs_total
1,2,different,95060,genome-runs_total
1,3,different,52419,genome-runs_total
1,4,different,26162,genome-runs_total
1,5,different,15212,genome-runs_total
1,6,different,10592,genome-runs_total
1,7,different,8222,genome-runs_total
1,8,different,6899,genome-runs_total
1,9,different,6188,genome-runs_total
2,1,different,1039368,genome-runs_total
2,2,different,472835,genome-runs_total
2,3,different,377866,genome-runs_total
2,4,different,151513,genome-runs_total
2,5,different,69489,genome-runs_total
2,6,different,50872,genome-runs_total
2,7,different,39397,genome-runs_total
2,8,different,33533,genome-runs_total
2,9,different,29144,genome-runs_total
3,1,different,5449219,genome-runs_total
3,2,different,3541154,genome-runs_total
3,3,different,1817790,genome-runs_total
3,4,different,1208019,genome-runs_total
3,5,different,515795,genome-runs_total
3,6,different,365522,genome-runs_total
3,7,different,274387,genome-runs_total
3,8,different,235622,genome-runs_total
3,9,different,201892,genome-runs_total
4,1,different,2065065,genome-runs_total
4,2,different,1408740,genome-runs_total
4,3,different,678067,genome-runs_total
4,4,different,394992,genome-runs_total
4,5,different,194504,genome-runs_total
4,6,different,136630,genome-runs_total
4,7,different,105916,genome-runs_total
4,8,different,87910,genome-runs_total
4,9,different,76761,genome-runs_total
5,1,different,119729,genome-runs_total
5,2,different,69353,genome-runs_total
5,3,different,34797,genome-runs_total
5,4,different,18021,genome-runs_total
5,5,different,10249,genome-runs_total
5,6,different,7447,genome-runs_total
5,7,different,5935,genome-runs_total
5,8,different,5003,genome-runs_total
5,9,different,4446,genome-runs_total
6,1,different,474407,genome-runs_total
6,2,different,199562,genome-runs_total
6,3,different,106445,genome-runs_total
6,4,different,53164,genome-runs_total
6,5,different,29270,genome-runs_total
6,6,different,20775,genome-runs_total
6,7,different,16285,genome-runs_total
6,8,different,13641,genome-runs_total
6,9,different,12304,genome-runs_total
7,1,different,11738725,genome-runs_total
7,2,different,5598127,genome-runs_total
7,3,different,3946320,genome-runs_total
7,4,different,1565917,genome-runs_total
7,5,different,866730,genome-runs_total
7,6,different,603698,genome-runs_total
7,7,different,507578,genome-runs_total
7,8,different,389022,genome-runs_total
7,9,different,351946,genome-runs_total
8,1,different,1557605,genome-runs_total
8,2,different,715606,genome-runs_total
8,3,different,376207,genome-runs_total
8,4,different,182342,genome-runs_total
8,5,different,96500,genome-runs_total
8,6,different,67557,genome-runs_total
8,7,different,51921,genome-runs_total
8,8,different,44191,genome-runs_total
8,9,different,37621,genome-runs_total
1,1,different,316,proteome-ms_merge
1,2,different,315,proteome-ms_merge
1,3,different,341,proteome-ms_merge
1,4,different,355,proteome-ms_merge
1,5,different,325,proteome-ms_merge
1,6,different,473,proteome-ms_merge
1,7,different,304,proteome-ms_merge
1,8,different,360,proteome-ms_merge
1,9,different,364,proteome-ms_merge
2,1,different,331,proteome-ms_merge
2,2,different,330,proteome-ms_merge
2,3,different,362,proteome-ms_merge
2,4,different,357,proteome-ms_merge
2,5,different,393,proteome-ms_merge
2,6,different,447,proteome-ms_merge
2,7,different,367,proteome-ms_merge
2,8,different,349,proteome-ms_merge
2,9,different,400,proteome-ms_merge
3,1,different,666,proteome-ms_merge
3,2,different,647,proteome-ms_merge
3,3,different,736,proteome-ms_merge
3,4,different,755,proteome-ms_merge
3,5,different,758,proteome-ms_merge
3,6,different,1042,proteome-ms_merge
3,7,different,745,proteome-ms_merge
3,8,different,796,proteome-ms_merge
3,9,different,900,proteome-ms_merge
4,1,different,143,proteome-ms_merge
4,2,different,147,proteome-ms_merge
4,3,different,191,proteome-ms_merge
4,4,different,171,proteome-ms_merge
4,5,different,173,proteome-ms_merge
4,6,different,266,proteome-ms_merge
4,7,different,196,proteome-ms_merge
4,8,different,187,proteome-ms_merge
4,9,different,232,proteome-ms_merge
5,1,different,213,proteome-ms_merge
5,2,different,202,proteome-ms_merge
5,3,different,247,proteome-ms_merge
5,4,different,287,proteome-ms_merge
5,5,different,245,proteome-ms_merge
5,6,different,342,proteome-ms_merge
5,7,different,232,proteome-ms_merge
5,8,different,278,proteome-ms_merge
5,9,different,271,proteome-ms_merge
6,1,different,156,proteome-ms_merge
6,2,different,163,proteome-ms_merge
6,3,different,158,proteome-ms_merge
6,4,different,168,proteome-ms_merge
6,5,different,165,proteome-ms_merge
6,6,different,207,proteome-ms_merge
6,7,different,169,proteome-ms_merge
6,8,different,146,proteome-ms_merge
6,9,different,190,proteome-ms_merge
7,1,different,843,proteome-ms_merge
7,2,different,853,proteome-ms_merge
7,3,different,867,proteome-ms_merge
7,4,different,969,proteome-ms_merge
7,5,different,973,proteome-ms_merge
7,6,different,1397,proteome-ms_merge
7,7,different,899,proteome-ms_merge
7,8,different,1021,proteome-ms_merge
7,9,different,1093,proteome-ms_merge
8,1,different,394,proteome-ms_merge
8,2,different,430,proteome-ms_merge
8,3,different,466,proteome-ms_merge
8,4,different,450,proteome-ms_merge
8,5,different,477,proteome-ms_merge
8,6,different,629,proteome-ms_merge
8,7,different,446,proteome-ms_merge
8,8,different,501,proteome-ms_merge
8,9,different,523,proteome-ms_merge
1,1,different,26,proteome-ms_cst
1,2,different,27,proteome-ms_cst
1,3,different,25,proteome-ms_cst
1,4,different,24,proteome-ms_cst
1,5,different,22,proteome-ms_cst
1,6,different,31,proteome-ms_cst
1,7,different,21,proteome-ms_cst
1,8,different,20,proteome-ms_cst
1,9,different,22,proteome-ms_cst
2,1,different,34,proteome-ms_cst
2,2,different,38,proteome-ms_cst
2,3,different,38,proteome-ms_cst
2,4,different,30,proteome-ms_cst
2,5,different,33,proteome-ms_cst
2,6,different,30,proteome-ms_cst
2,7,different,30,proteome-ms_cst
2,8,different,31,proteome-ms_cst
2,9,different,29,proteome-ms_cst
3,1,different,50,proteome-ms_cst
3,2,different,54,proteome-ms_cst
3,3,different,67,proteome-ms_cst
3,4,different,55,proteome-ms_cst
3,5,different,53,proteome-ms_cst
3,6,different,52,proteome-ms_cst
3,7,different,60,proteome-ms_cst
3,8,different,53,proteome-ms_cst
3,9,different,52,proteome-ms_cst
4,1,different,38,proteome-ms_cst
4,2,different,39,proteome-ms_cst
4,3,different,46,proteome-ms_cst
4,4,different,41,proteome-ms_cst
4,5,different,40,proteome-ms_cst
4,6,different,37,proteome-ms_cst
4,7,different,39,proteome-ms_cst
4,8,different,40,proteome-ms_cst
4,9,different,38,proteome-ms_cst
5,1,different,5,proteome-ms_cst
5,2,different,5,proteome-ms_cst
5,3,different,6,proteome-ms_cst
5,4,different,5,proteome-ms_cst
5,5,different,5,proteome-ms_cst
5,6,different,8,proteome-ms_cst
5,7,different,5,proteome-ms_cst
5,8,different,5,proteome-ms_cst
5,9,different,5,proteome-ms_cst
6,1,different,27,proteome-ms_cst
6,2,different,30,proteome-ms_cst
6,3,different,28,proteome-ms_cst
6,4,different,27,proteome-ms_cst
6,5,different,27,proteome-ms_cst
6,6,different,23,proteome-ms_cst
6,7,different,23,proteome-ms_cst
6,8,different,24,proteome-ms_cst
6,9,different,23,proteome-ms_cst
7,1,different,74,proteome-ms_cst
7,2,different,85,proteome-ms_cst
7,3,different,66,proteome-ms_cst
7,4,different,70,proteome-ms_cst
7,5,different,70,proteome-ms_cst
7,6,different,79,proteome-ms_cst
7,7,different,71,proteome-ms_cst
7,8,different,81,proteome-ms_cst
7,9,different,69,proteome-ms_cst
8,1,different,23,proteome-ms_cst
8,2,different,31,proteome-ms_cst
8,3,different,29,proteome-ms_cst
8,4,different,23,proteome-ms_cst
8,5,different,23,proteome-ms_cst
8,6,different,27,proteome-ms_cst
8,7,different,23,proteome-ms_cst
8,8,different,23,proteome-ms_cst
8,9,different,23,proteome-ms_cst
1,1,different,43,proteome-runs_cst
1,2,different,38,proteome-runs_cst
1,3,different,38,proteome-runs_cst
1,4,different,39,proteome-runs_cst
1,5,different,33,proteome-runs_cst
1,6,different,38,proteome-runs_cst
1,7,different,34,proteome-runs_cst
1,8,different,39,proteome-runs_cst
1,9,different,33,proteome-runs_cst
2,1,different,55,proteome-runs_cst
2,2,different,57,proteome-runs_cst
2,3,different,55,proteome-runs_cst
2,4,different,49,proteome-runs_cst
2,5,different,53,proteome-runs_cst
2,6,different,49,proteome-runs_cst
2,7,different,55,proteome-runs_cst
2,8,different,50,proteome-runs_cst
2,9,different,57,proteome-runs_cst
3,1,different,81,proteome-runs_cst
3,2,different,85,proteome-runs_cst
3,3,different,90,proteome-runs_cst
3,4,different,87,proteome-runs_cst
3,5,different,86,proteome-runs_cst
3,6,different,86,proteome-runs_cst
3,7,different,86,proteome-runs_cst
3,8,different,86,proteome-runs_cst
3,9,different,86,proteome-runs_cst
4,1,different,64,proteome-runs_cst
4,2,different,63,proteome-runs_cst
4,3,different,70,proteome-runs_cst
4,4,different,66,proteome-runs_cst
4,5,different,66,proteome-runs_cst
4,6,different,72,proteome-runs_cst
4,7,different,72,proteome-runs_cst
4,8,different,65,proteome-runs_cst
4,9,different,72,proteome-runs_cst
5,1,different,8,proteome-runs_cst
5,2,different,8,proteome-runs_cst
5,3,different,11,proteome-runs_cst
5,4,different,9,proteome-runs_cst
5,5,different,8,proteome-runs_cst
5,6,different,11,proteome-runs_cst
5,7,different,8,proteome-runs_cst
5,8,different,10,proteome-runs_cst
5,9,different,8,proteome-runs_cst
6,1,different,45,proteome-runs_cst
6,2,different,48,proteome-runs_cst
6,3,different,44,proteome-runs_cst
6,4,different,45,proteome-runs_cst
6,5,different,41,proteome-runs_cst
6,6,different,46,proteome-runs_cst
6,7,different,47,proteome-runs_cst
6,8,different,38,proteome-runs_cst
6,9,different,42,proteome-runs_cst
7,1,different,104,proteome-runs_cst
7,2,different,104,proteome-runs_cst
7,3,different,101,proteome-runs_cst
7,4,different,109,proteome-runs_cst
7,5,different,111,proteome-runs_cst
7,6,different,112,proteome-runs_cst
7,7,different,111,proteome-runs_cst
7,8,different,120,proteome-runs_cst
7,9,different,112,proteome-runs_cst
8,1,different,37,proteome-runs_cst
8,2,different,44,proteome-runs_cst
8,3,different,42,proteome-runs_cst
8,4,different,36,proteome-runs_cst
8,5,different,36,proteome-runs_cst
8,6,different,43,proteome-runs_cst
8,7,different,37,proteome-runs_cst
8,8,different,45,proteome-runs_cst
8,9,different,36,proteome-runs_cst
1,1,different,43457,proteome-comp_total
1,2,different,22329,proteome-comp_total
1,3,different,11647,proteome-comp_total
1,4,different,6195,proteome-comp_total
1,5,different,3705,proteome-comp_total
1,6,different,2938,proteome-comp_total
1,7,different,2140,proteome-comp_total
1,8,different,1990,proteome-comp_total
1,9,different,1707,proteome-comp_total
2,1,different,73201,proteome-comp_total
2,2,different,37821,proteome-comp_total
2,3,different,20042,proteome-comp_total
2,4,different,10338,proteome-comp_total
2,5,different,6177,proteome-comp_total
2,6,different,4327,proteome-comp_total
2,7,different,3553,proteome-comp_total
2,8,different,2910,proteome-comp_total
2,9,different,2722,proteome-comp_total
3,1,different,133150,proteome-comp_total
3,2,different,67597,proteome-comp_total
3,3,different,34504,proteome-comp_total
3,4,different,18068,proteome-comp_total
3,5,different,10711,proteome-comp_total
3,6,different,8088,proteome-comp_total
3,7,different,6468,proteome-comp_total
3,8,different,5617,proteome-comp_total
3,9,different,5246,proteome-comp_total
4,1,different,37431,proteome-comp_total
4,2,different,18867,proteome-comp_total
4,3,different,9597,proteome-comp_total
4,4,different,5124,proteome-comp_total
4,5,different,3079,proteome-comp_total
4,6,different,2457,proteome-comp_total
4,7,different,1967,proteome-comp_total
4,8,different,1616,proteome-comp_total
4,9,different,1593,proteome-comp_total
5,1,different,48332,proteome-comp_total
5,2,different,24638,proteome-comp_total
5,3,different,12573,proteome-comp_total
5,4,different,6696,proteome-comp_total
5,5,different,3803,proteome-comp_total
5,6,different,2857,proteome-comp_total
5,7,different,2135,proteome-comp_total
5,8,different,1940,proteome-comp_total
5,9,different,1619,proteome-comp_total
6,1,different,33058,proteome-comp_total
6,2,different,16855,proteome-comp_total
6,3,different,8734,proteome-comp_total
6,4,different,4680,proteome-comp_total
6,5,different,2736,proteome-comp_total
6,6,different,2046,proteome-comp_total
6,7,different,1604,proteome-comp_total
6,8,different,1291,proteome-comp_total
6,9,different,1431,proteome-comp_total
7,1,different,115555,proteome-comp_total
7,2,different,63224,proteome-comp_total
7,3,different,32134,proteome-comp_total
7,4,different,17457,proteome-comp_total
7,5,different,10676,proteome-comp_total
7,6,different,8611,proteome-comp_total
7,7,different,6783,proteome-comp_total
7,8,different,6396,proteome-comp_total
7,9,different,6011,proteome-comp_total
8,1,different,87076,proteome-comp_total
8,2,different,44778,proteome-comp_total
8,3,different,23122,proteome-comp_total
8,4,different,12264,proteome-comp_total
8,5,different,7107,proteome-comp_total
8,6,different,5449,proteome-comp_total
8,7,different,4061,proteome-comp_total
8,8,different,3568,proteome-comp_total
8,9,different,3141,proteome-comp_total
1,1,different,21557,proteome-runs_total
1,2,different,11106,proteome-runs_total
1,3,different,5743,proteome-runs_total
1,4,different,3046,proteome-runs_total
1,5,different,1767,proteome-runs_total
1,6,different,1352,proteome-runs_total
1,7,different,1014,proteome-runs_total
1,8,different,932,proteome-runs_total
1,9,different,771,proteome-runs_total
2,1,different,36421,proteome-runs_total
2,2,different,18872,proteome-runs_total
2,3,different,9849,proteome-runs_total
2,4,different,5079,proteome-runs_total
2,5,different,3037,proteome-runs_total
2,6,different,2046,proteome-runs_total
2,7,different,1714,proteome-runs_total
2,8,different,1378,proteome-runs_total
2,9,different,1289,proteome-runs_total
3,1,different,68258,proteome-runs_total
3,2,different,33338,proteome-runs_total
3,3,different,17025,proteome-runs_total
3,4,different,8937,proteome-runs_total
3,5,different,5148,proteome-runs_total
3,6,different,3667,proteome-runs_total
3,7,different,3081,proteome-runs_total
3,8,different,2587,proteome-runs_total
3,9,different,2362,proteome-runs_total
4,1,different,18682,proteome-runs_total
4,2,different,9391,proteome-runs_total
4,3,different,4733,proteome-runs_total
4,4,different,2591,proteome-runs_total
4,5,different,1535,proteome-runs_total
4,6,different,1168,proteome-runs_total
4,7,different,971,proteome-runs_total
4,8,different,793,proteome-runs_total
4,9,different,761,proteome-runs_total
5,1,different,24066,proteome-runs_total
5,2,different,12251,proteome-runs_total
5,3,different,6220,proteome-runs_total
5,4,different,3271,proteome-runs_total
5,5,different,1850,proteome-runs_total
5,6,different,1299,proteome-runs_total
5,7,different,1023,proteome-runs_total
5,8,different,916,proteome-runs_total
5,9,different,743,proteome-runs_total
6,1,different,16382,proteome-runs_total
6,2,different,8450,proteome-runs_total
6,3,different,4353,proteome-runs_total
6,4,different,2316,proteome-runs_total
6,5,different,1310,proteome-runs_total
6,6,different,978,proteome-runs_total
6,7,different,787,proteome-runs_total
6,8,different,625,proteome-runs_total
6,9,different,740,proteome-runs_total
7,1,different,57309,proteome-runs_total
7,2,different,31279,proteome-runs_total
7,3,different,15937,proteome-runs_total
7,4,different,8620,proteome-runs_total
7,5,different,5212,proteome-runs_total
7,6,different,3895,proteome-runs_total
7,7,different,3167,proteome-runs_total
7,8,different,2952,proteome-runs_total
7,9,different,2771,proteome-runs_total
8,1,different,43409,proteome-runs_total
8,2,different,22297,proteome-runs_total
8,3,different,11443,proteome-runs_total
8,4,different,5991,proteome-runs_total
8,5,different,3440,proteome-runs_total
8,6,different,2571,proteome-runs_total
8,7,different,1936,proteome-runs_total
8,8,different,1662,proteome-runs_total
8,9,different,1445,proteome-runs_total
1,1,different,21306,proteome-runs_build
1,2,different,10875,proteome-runs_build
1,3,different,5508,proteome-runs_build
1,4,different,2809,proteome-runs_build
1,5,different,1555,proteome-runs_build
1,6,different,1084,proteome-runs_build
1,7,different,794,proteome-runs_build
1,8,different,687,proteome-runs_build
1,9,different,540,proteome-runs_build
2,1,different,36159,proteome-runs_build
2,2,different,18609,proteome-runs_build
2,3,different,9576,proteome-runs_build
2,4,different,4846,proteome-runs_build
2,5,different,2782,proteome-runs_build
2,6,different,1808,proteome-runs_build
2,7,different,1441,proteome-runs_build
2,8,different,1127,proteome-runs_build
2,9,different,1009,proteome-runs_build
3,1,different,67805,proteome-runs_build
3,2,different,32878,proteome-runs_build
3,3,different,16537,proteome-runs_build
3,4,different,8472,proteome-runs_build
3,5,different,4679,proteome-runs_build
3,6,different,3193,proteome-runs_build
3,7,different,2595,proteome-runs_build
3,8,different,2097,proteome-runs_build
3,9,different,1873,proteome-runs_build
4,1,different,18529,proteome-runs_build
4,2,different,9238,proteome-runs_build
4,3,different,4534,proteome-runs_build
4,4,different,2431,proteome-runs_build
4,5,different,1369,proteome-runs_build
4,6,different,967,proteome-runs_build
4,7,different,765,proteome-runs_build
4,8,different,610,proteome-runs_build
4,9,different,552,proteome-runs_build
5,1,different,23936,proteome-runs_build
5,2,different,12123,proteome-runs_build
5,3,different,6059,proteome-runs_build
5,4,different,3106,proteome-runs_build
5,5,different,1711,proteome-runs_build
5,6,different,1169,proteome-runs_build
5,7,different,872,proteome-runs_build
5,8,different,741,proteome-runs_build
5,9,different,584,proteome-runs_build
6,1,different,16234,proteome-runs_build
6,2,different,8295,proteome-runs_build
6,3,different,4203,proteome-runs_build
6,4,different,2165,proteome-runs_build
6,5,different,1198,proteome-runs_build
6,6,different,827,proteome-runs_build
6,7,different,623,proteome-runs_build
6,8,different,489,proteome-runs_build
6,9,different,590,proteome-runs_build
7,1,different,56742,proteome-runs_build
7,2,different,30702,proteome-runs_build
7,3,different,15342,proteome-runs_build
7,4,different,8035,proteome-runs_build
7,5,different,4620,proteome-runs_build
7,6,different,3310,proteome-runs_build
7,7,different,2564,proteome-runs_build
7,8,different,2350,proteome-runs_build
7,9,different,2153,proteome-runs_build
8,1,different,43142,proteome-runs_build
8,2,different,21998,proteome-runs_build
8,3,different,11142,proteome-runs_build
8,4,different,5720,proteome-runs_build
8,5,different,3158,proteome-runs_build
8,6,different,2265,proteome-runs_build
8,7,different,1648,proteome-runs_build
8,8,different,1381,proteome-runs_build
8,9,different,1141,proteome-runs_build
1,1,different,224142,genome-ms_build
1,2,different,93668,genome-ms_build
1,3,different,51037,genome-ms_build
1,4,different,24863,genome-ms_build
1,5,different,13214,genome-ms_build
1,6,different,8934,genome-ms_build
1,7,different,6788,genome-ms_build
1,8,different,5450,genome-ms_build
1,9,different,4658,genome-ms_build
2,1,different,1026039,genome-ms_build
2,2,different,454517,genome-ms_build
2,3,different,402416,genome-ms_build
2,4,different,153708,genome-ms_build
2,5,different,63725,genome-ms_build
2,6,different,45184,genome-ms_build
2,7,different,32470,genome-ms_build
2,8,different,26648,genome-ms_build
2,9,different,21998,genome-ms_build
3,1,different,5405976,genome-ms_build
3,2,different,3427695,genome-ms_build
3,3,different,1789547,genome-ms_build
3,4,different,1153796,genome-ms_build
3,5,different,475769,genome-ms_build
3,6,different,326760,genome-ms_build
3,7,different,238757,genome-ms_build
3,8,different,194830,genome-ms_build
3,9,different,167002,genome-ms_build
4,1,different,2034173,genome-ms_build
4,2,different,1393383,genome-ms_build
4,3,different,682498,genome-ms_build
4,4,different,396679,genome-ms_build
4,5,different,177995,genome-ms_build
4,6,different,120049,genome-ms_build
4,7,different,94888,genome-ms_build
4,8,different,74538,genome-ms_build
4,9,different,61872,genome-ms_build
5,1,different,120231,genome-ms_build
5,2,different,68692,genome-ms_build
5,3,different,34139,genome-ms_build
5,4,different,17214,genome-ms_build
5,5,different,9137,genome-ms_build
5,6,different,6181,genome-ms_build
5,7,different,4623,genome-ms_build
5,8,different,3789,genome-ms_build
5,9,different,3170,genome-ms_build
6,1,different,473378,genome-ms_build
6,2,different,195607,genome-ms_build
6,3,different,101617,genome-ms_build
6,4,different,49738,genome-ms_build
6,5,different,26701,genome-ms_build
6,6,different,18035,genome-ms_build
6,7,different,13431,genome-ms_build
6,8,different,10862,genome-ms_build
6,9,different,9257,genome-ms_build
7,1,different,8660938,genome-ms_build
7,2,different,5549861,genome-ms_build
7,3,different,3744814,genome-ms_build
7,4,different,1480955,genome-ms_build
7,5,different,802617,genome-ms_build
7,6,different,562909,genome-ms_build
7,7,different,434962,genome-ms_build
7,8,different,342302,genome-ms_build
7,9,different,284318,genome-ms_build
8,1,different,1598270,genome-ms_build
8,2,different,701366,genome-ms_build
8,3,different,369085,genome-ms_build
8,4,different,177962,genome-ms_build
8,5,different,90372,genome-ms_build
8,6,different,59836,genome-ms_build
8,7,different,44988,genome-ms_build
8,8,different,36132,genome-ms_build
8,9,different,29907,genome-ms_build
1,1,different,1219,genome-runs_merge
1,2,different,1219,genome-runs_merge
1,3,different,1241,genome-runs_merge
1,4,different,1226,genome-runs_merge
1,5,different,1366,genome-runs_merge
1,6,different,1225,genome-runs_merge
1,7,different,1233,genome-runs_merge
1,8,different,1230,genome-runs_merge
1,9,different,1247,genome-runs_merge
2,1,different,3986,genome-runs_merge
2,2,different,3815,genome-runs_merge
2,3,different,3997,genome-runs_merge
2,4,different,3775,genome-runs_merge
2,5,different,4139,genome-runs_merge
2,6,different,3794,genome-runs_merge
2,7,different,3965,genome-runs_merge
2,8,different,3958,genome-runs_merge
2,9,different,3988,genome-runs_merge
3,1,different,27146,genome-runs_merge
3,2,different,29431,genome-runs_merge
3,3,different,28257,genome-runs_merge
3,4,different,26893,genome-runs_merge
3,5,different,29122,genome-runs_merge
3,6,different,29247,genome-runs_merge
3,7,different,28289,genome-runs_merge
3,8,different,27609,genome-runs_merge
3,9,different,28273,genome-runs_merge
4,1,different,12410,genome-runs_merge
4,2,different,12916,genome-runs_merge
4,3,different,13334,genome-runs_merge
4,4,different,12693,genome-runs_merge
4,5,different,13480,genome-runs_merge
4,6,different,13467,genome-runs_merge
4,7,different,12775,genome-runs_merge
4,8,different,12348,genome-runs_merge
4,9,different,12930,genome-runs_merge
5,1,different,1092,genome-runs_merge
5,2,different,1207,genome-runs_merge
5,3,different,1070,genome-runs_merge
5,4,different,1094,genome-runs_merge
5,5,different,1047,genome-runs_merge
5,6,different,1209,genome-runs_merge
5,7,different,1119,genome-runs_merge
5,8,different,1105,genome-runs_merge
5,9,different,1048,genome-runs_merge
6,1,different,2657,genome-runs_merge
6,2,different,2532,genome-runs_merge
6,3,different,2697,genome-runs_merge
6,4,different,2649,genome-runs_merge
6,5,different,2581,genome-runs_merge
6,6,different,2576,genome-runs_merge
6,7,different,2524,genome-runs_merge
6,8,different,2519,genome-runs_merge
6,9,different,2667,genome-runs_merge
7,1,different,51689,genome-runs_merge
7,2,different,46810,genome-runs_merge
7,3,different,48421,genome-runs_merge
7,4,different,51992,genome-runs_merge
7,5,different,51335,genome-runs_merge
7,6,different,49843,genome-runs_merge
7,7,different,47316,genome-runs_merge
7,8,different,50993,genome-runs_merge
7,9,different,47615,genome-runs_merge
8,1,different,7412,genome-runs_merge
8,2,different,8305,genome-runs_merge
8,3,different,7291,genome-runs_merge
8,4,different,7320,genome-runs_merge
8,5,different,7401,genome-runs_merge
8,6,different,7397,genome-runs_merge
8,7,different,7100,genome-runs_merge
8,8,different,7651,genome-runs_merge
8,9,different,7252,genome-runs_merge
1,1,different,0,proteome-answer
1,2,different,0,proteome-answer
1,3,different,0,proteome-answer
1,4,different,0,proteome-answer
1,5,different,0,proteome-answer
1,6,different,0,proteome-answer
1,7,different,0,proteome-answer
1,8,different,0,proteome-answer
1,9,different,0,proteome-answer
2,1,different,0,proteome-answer
2,2,different,0,proteome-answer
2,3,different,0,proteome-answer
2,4,different,0,proteome-answer
2,5,different,0,proteome-answer
2,6,different,0,proteome-answer
2,7,different,0,proteome-answer
2,8,different,0,proteome-answer
2,9,different,0,proteome-answer
3,1,different,0,proteome-answer
3,2,different,0,proteome-answer
3,3,different,0,proteome-answer
3,4,different,0,proteome-answer
3,5,different,0,proteome-answer
3,6,different,0,proteome-answer
3,7,different,0,proteome-answer
3,8,different,0,proteome-answer
3,9,different,0,proteome-answer
4,1,different,0,proteome-answer
4,2,different,0,proteome-answer
4,3,different,0,proteome-answer
4,4,different,0,proteome-answer
4,5,different,0,proteome-answer
4,6,different,0,proteome-answer
4,7,different,0,proteome-answer
4,8,different,0,proteome-answer
4,9,different,0,proteome-answer
5,1,different,0,proteome-answer
5,2,different,0,proteome-answer
5,3,different,0,proteome-answer
5,4,different,0,proteome-answer
5,5,different,0,proteome-answer
5,6,different,0,proteome-answer
5,7,different,0,proteome-answer
5,8,different,0,proteome-answer
5,9,different,0,proteome-answer
6,1,different,0,proteome-answer
6,2,different,0,proteome-answer
6,3,different,0,proteome-answer
6,4,different,0,proteome-answer
6,5,different,0,proteome-answer
6,6,different,0,proteome-answer
6,7,different,0,proteome-answer
6,8,different,0,proteome-answer
6,9,different,0,proteome-answer
7,1,different,0,proteome-answer
7,2,different,0,proteome-answer
7,3,different,0,proteome-answer
7,4,different,0,proteome-answer
7,5,different,0,proteome-answer
7,6,different,0,proteome-answer
7,7,different,0,proteome-answer
7,8,different,0,proteome-answer
7,9,different,0,proteome-answer
8,1,different,0,proteome-answer
8,2,different,0,proteome-answer
8,3,different,0,proteome-answer
8,4,different,0,proteome-answer
8,5,different,0,proteome-answer
8,6,different,0,proteome-answer
8,7,different,0,proteome-answer
8,8,different,0,proteome-answer
8,9,different,0,proteome-answer
1,1,different,237,genome-runs_cst
1,2,different,219,genome-runs_cst
1,3,different,216,genome-runs_cst
1,4,different,217,genome-runs_cst
1,5,different,218,genome-runs_cst
1,6,different,249,genome-runs_cst
1,7,different,216,genome-runs_cst
1,8,different,251,genome-runs_cst
1,9,different,214,genome-runs_cst
2,1,different,2739,genome-runs_cst
2,2,different,2177,genome-runs_cst
2,3,different,2291,genome-runs_cst
2,4,different,2298,genome-runs_cst
2,5,different,2776,genome-runs_cst
2,6,different,2238,genome-runs_cst
2,7,different,2764,genome-runs_cst
2,8,different,2268,genome-runs_cst
2,9,different,2775,genome-runs_cst
3,1,different,5438,genome-runs_cst
3,2,different,6747,genome-runs_cst
3,3,different,6812,genome-runs_cst
3,4,different,5476,genome-runs_cst
3,5,different,6832,genome-runs_cst
3,6,different,6711,genome-runs_cst
3,7,different,6864,genome-runs_cst
3,8,different,5558,genome-runs_cst
3,9,different,6835,genome-runs_cst
4,1,different,1281,genome-runs_cst
4,2,different,1571,genome-runs_cst
4,3,different,1596,genome-runs_cst
4,4,different,1316,genome-runs_cst
4,5,different,1587,genome-runs_cst
4,6,different,1599,genome-runs_cst
4,7,different,1317,genome-runs_cst
4,8,different,1332,genome-runs_cst
4,9,different,1596,genome-runs_cst
5,1,different,114,genome-runs_cst
5,2,different,108,genome-runs_cst
5,3,different,113,genome-runs_cst
5,4,different,112,genome-runs_cst
5,5,different,112,genome-runs_cst
5,6,different,113,genome-runs_cst
5,7,different,122,genome-runs_cst
5,8,different,115,genome-runs_cst
5,9,different,108,genome-runs_cst
6,1,different,180,genome-runs_cst
6,2,different,183,genome-runs_cst
6,3,different,162,genome-runs_cst
6,4,different,162,genome-runs_cst
6,5,different,164,genome-runs_cst
6,6,different,161,genome-runs_cst
6,7,different,167,genome-runs_cst
6,8,different,159,genome-runs_cst
6,9,different,191,genome-runs_cst
7,1,different,4007,genome-runs_cst
7,2,different,3250,genome-runs_cst
7,3,different,3137,genome-runs_cst
7,4,different,4146,genome-runs_cst
7,5,different,4180,genome-runs_cst
7,6,different,4118,genome-runs_cst
7,7,different,3138,genome-runs_cst
7,8,different,4003,genome-runs_cst
7,9,different,3096,genome-runs_cst
8,1,different,465,genome-runs_cst
8,2,different,481,genome-runs_cst
8,3,different,365,genome-runs_cst
8,4,different,388,genome-runs_cst
8,5,different,472,genome-runs_cst
8,6,different,465,genome-runs_cst
8,7,different,412,genome-runs_cst
8,8,different,468,genome-runs_cst
8,9,different,376,genome-runs_cst
1,1,different,0,genome-answer
1,2,different,0,genome-answer
1,3,different,0,genome-answer
1,4,different,0,genome-answer
1,5,different,0,genome-answer
1,6,different,0,genome-answer
1,7,different,0,genome-answer
1,8,different,0,genome-answer
1,9,different,0,genome-answer
2,1,different,0,genome-answer
2,2,different,0,genome-answer
2,3,different,0,genome-answer
2,4,different,0,genome-answer
2,5,different,0,genome-answer
2,6,different,0,genome-answer
2,7,different,0,genome-answer
2,8,different,0,genome-answer
2,9,different,0,genome-answer
3,1,different,0,genome-answer
3,2,different,0,genome-answer
3,3,different,0,genome-answer
3,4,different,0,genome-answer
3,5,different,0,genome-answer
3,6,different,0,genome-answer
3,7,different,0,genome-answer
3,8,different,0,genome-answer
3,9,different,0,genome-answer
4,1,different,0,genome-answer
4,2,different,0,genome-answer
4,3,different,0,genome-answer
4,4,different,0,genome-answer
4,5,different,0,genome-answer
4,6,different,0,genome-answer
4,7,different,0,genome-answer
4,8,different,0,genome-answer
4,9,different,0,genome-answer
5,1,different,0,genome-answer
5,2,different,0,genome-answer
5,3,different,0,genome-answer
5,4,different,0,genome-answer
5,5,different,0,genome-answer
5,6,different,0,genome-answer
5,7,different,0,genome-answer
5,8,different,0,genome-answer
5,9,different,0,genome-answer
6,1,different,0,genome-answer
6,2,different,0,genome-answer
6,3,different,0,genome-answer
6,4,different,0,genome-answer
6,5,different,0,genome-answer
6,6,different,0,genome-answer
6,7,different,0,genome-answer
6,8,different,0,genome-answer
6,9,different,0,genome-answer
7,1,different,0,genome-answer
7,2,different,0,genome-answer
7,3,different,0,genome-answer
7,4,different,0,genome-answer
7,5,different,0,genome-answer
7,6,different,0,genome-answer
7,7,different,0,genome-answer
7,8,different,0,genome-answer
7,9,different,0,genome-answer
8,1,different,0,genome-answer
8,2,different,0,genome-answer
8,3,different,0,genome-answer
8,4,different,0,genome-answer
8,5,different,0,genome-answer
8,6,different,0,genome-answer
8,7,different,0,genome-answer
8,8,different,0,genome-answer
8,9,different,0,genome-answer
1,1,different,2079,genome-ms_merge
1,2,different,2245,genome-ms_merge
1,3,different,2339,genome-ms_merge
1,4,different,2337,genome-ms_merge
1,5,different,2434,genome-ms_merge
1,6,different,2975,genome-ms_merge
1,7,different,2359,genome-ms_merge
1,8,different,2349,genome-ms_merge
1,9,different,2680,genome-ms_merge
2,1,different,6716,genome-ms_merge
2,2,different,6669,genome-ms_merge
2,3,different,7496,genome-ms_merge
2,4,different,8407,genome-ms_merge
2,5,different,8070,genome-ms_merge
2,6,different,9466,genome-ms_merge
2,7,different,7040,genome-ms_merge
2,8,different,8055,genome-ms_merge
2,9,different,8063,genome-ms_merge
3,1,different,48623,genome-ms_merge
3,2,different,52395,genome-ms_merge
3,3,different,50237,genome-ms_merge
3,4,different,53464,genome-ms_merge
3,5,different,59112,genome-ms_merge
3,6,different,73333,genome-ms_merge
3,7,different,50970,genome-ms_merge
3,8,different,54664,genome-ms_merge
3,9,different,58243,genome-ms_merge
4,1,different,21946,genome-ms_merge
4,2,different,22017,genome-ms_merge
4,3,different,24527,genome-ms_merge
4,4,different,24368,genome-ms_merge
4,5,different,26489,genome-ms_merge
4,6,different,33371,genome-ms_merge
4,7,different,25102,genome-ms_merge
4,8,different,25225,genome-ms_merge
4,9,different,26948,genome-ms_merge
5,1,different,2019,genome-ms_merge
5,2,different,1988,genome-ms_merge
5,3,different,1904,genome-ms_merge
5,4,different,2228,genome-ms_merge
5,5,different,2060,genome-ms_merge
5,6,different,2590,genome-ms_merge
5,7,different,2092,genome-ms_merge
5,8,different,2227,genome-ms_merge
5,9,different,2213,genome-ms_merge
6,1,different,4501,genome-ms_merge
6,2,different,4494,genome-ms_merge
6,3,different,5047,genome-ms_merge
6,4,different,5392,genome-ms_merge
6,5,different,5033,genome-ms_merge
6,6,different,6818,genome-ms_merge
6,7,different,5070,genome-ms_merge
6,8,different,5065,genome-ms_merge
6,9,different,5426,genome-ms_merge
7,1,different,96033,genome-ms_merge
7,2,different,88225,genome-ms_merge
7,3,different,95606,genome-ms_merge
7,4,different,104549,genome-ms_merge
7,5,different,105603,genome-ms_merge
7,6,different,133891,genome-ms_merge
7,7,different,92805,genome-ms_merge
7,8,different,107284,genome-ms_merge
7,9,different,110426,genome-ms_merge
8,1,different,12756,genome-ms_merge
8,2,different,13502,genome-ms_merge
8,3,different,13940,genome-ms_merge
8,4,different,14913,genome-ms_merge
8,5,different,14020,genome-ms_merge
8,6,different,17779,genome-ms_merge
8,7,different,13049,genome-ms_merge
8,8,different,14159,genome-ms_merge
8,9,different,14944,genome-ms_merge
1,1,different,222273,genome-runs_build
1,2,different,93619,genome-runs_build
1,3,different,50958,genome-runs_build
1,4,different,24714,genome-runs_build
1,5,different,13620,genome-runs_build
1,6,different,9105,genome-runs_build
1,7,different,6761,genome-runs_build
1,8,different,5398,genome-runs_build
1,9,different,4711,genome-runs_build
2,1,different,1032640,genome-runs_build
2,2,different,466841,genome-runs_build
2,3,different,371575,genome-runs_build
2,4,different,145435,genome-runs_build
2,5,different,62563,genome-runs_build
2,6,different,44831,genome-runs_build
2,7,different,32651,genome-runs_build
2,8,different,27292,genome-runs_build
2,9,different,22357,genome-runs_build
3,1,different,5416629,genome-runs_build
3,2,different,3504966,genome-runs_build
3,3,different,1782715,genome-runs_build
3,4,different,1175646,genome-runs_build
3,5,different,479831,genome-runs_build
3,6,different,329550,genome-runs_build
3,7,different,239218,genome-runs_build
3,8,different,202440,genome-runs_build
3,9,different,166760,genome-runs_build
4,1,different,2051371,genome-runs_build
4,2,different,1394251,genome-runs_build
4,3,different,663127,genome-runs_build
4,4,different,380978,genome-runs_build
4,5,different,179427,genome-runs_build
4,6,different,121551,genome-runs_build
4,7,different,91812,genome-runs_build
4,8,different,74216,genome-runs_build
4,9,different,62212,genome-runs_build
5,1,different,118521,genome-runs_build
5,2,different,68035,genome-runs_build
5,3,different,33610,genome-runs_build
5,4,different,16810,genome-runs_build
5,5,different,9084,genome-runs_build
5,6,different,6111,genome-runs_build
5,7,different,4685,genome-runs_build
5,8,different,3764,genome-runs_build
5,9,different,3274,genome-runs_build
6,1,different,471567,genome-runs_build
6,2,different,196844,genome-runs_build
6,3,different,103583,genome-runs_build
6,4,different,50349,genome-runs_build
6,5,different,26518,genome-runs_build
6,6,different,18028,genome-runs_build
6,7,different,13582,genome-runs_build
6,8,different,10950,genome-runs_build
6,9,different,9423,genome-runs_build
7,1,different,11683024,genome-runs_build
7,2,different,5548056,genome-runs_build
7,3,different,3894750,genome-runs_build
7,4,different,1509771,genome-runs_build
7,5,different,811205,genome-runs_build
7,6,different,549724,genome-runs_build
7,7,different,457110,genome-runs_build
7,8,different,334005,genome-runs_build
7,9,different,301214,genome-runs_build
8,1,different,1549725,genome-runs_build
8,2,different,706818,genome-runs_build
8,3,different,368548,genome-runs_build
8,4,different,174628,genome-runs_build
8,5,different,88618,genome-runs_build
8,6,different,59682,genome-runs_build
8,7,different,44398,genome-runs_build
8,8,different,36052,genome-runs_build
8,9,different,29975,genome-runs_build
1,1,different,147,genome-ms_cst
1,2,different,197,genome-ms_cst
1,3,different,187,genome-ms_cst
1,4,different,183,genome-ms_cst
1,5,different,186,genome-ms_cst
1,6,different,148,genome-ms_cst
1,7,different,169,genome-ms_cst
1,8,different,147,genome-ms_cst
1,9,different,169,genome-ms_cst
2,1,different,1937,genome-ms_cst
2,2,different,2789,genome-ms_cst
2,3,different,2764,genome-ms_cst
2,4,different,2371,genome-ms_cst
2,5,different,1672,genome-ms_cst
2,6,different,2460,genome-ms_cst
2,7,different,1683,genome-ms_cst
2,8,different,2494,genome-ms_cst
2,9,different,1893,genome-ms_cst
3,1,different,6392,genome-ms_cst
3,2,different,4920,genome-ms_cst
3,3,different,4461,genome-ms_cst
3,4,different,5888,genome-ms_cst
3,5,different,4744,genome-ms_cst
3,6,different,4858,genome-ms_cst
3,7,different,4660,genome-ms_cst
3,8,different,6850,genome-ms_cst
3,9,different,4146,genome-ms_cst
4,1,different,1691,genome-ms_cst
4,2,different,1035,genome-ms_cst
4,3,different,1147,genome-ms_cst
4,4,different,1711,genome-ms_cst
4,5,different,1027,genome-ms_cst
4,6,different,987,genome-ms_cst
4,7,different,1886,genome-ms_cst
4,8,different,1997,genome-ms_cst
4,9,different,975,genome-ms_cst
5,1,different,122,genome-ms_cst
5,2,different,65,genome-ms_cst
5,3,different,68,genome-ms_cst
5,4,different,83,genome-ms_cst
5,5,different,83,genome-ms_cst
5,6,different,73,genome-ms_cst
5,7,different,107,genome-ms_cst
5,8,different,79,genome-ms_cst
5,9,different,79,genome-ms_cst
6,1,different,109,genome-ms_cst
6,2,different,141,genome-ms_cst
6,3,different,146,genome-ms_cst
6,4,different,143,genome-ms_cst
6,5,different,140,genome-ms_cst
6,6,different,137,genome-ms_cst
6,7,different,138,genome-ms_cst
6,8,different,134,genome-ms_cst
6,9,different,113,genome-ms_cst
7,1,different,2895,genome-ms_cst
7,2,different,4808,genome-ms_cst
7,3,different,4385,genome-ms_cst
7,4,different,2944,genome-ms_cst
7,5,different,2863,genome-ms_cst
7,6,different,2996,genome-ms_cst
7,7,different,3707,genome-ms_cst
7,8,different,2440,genome-ms_cst
7,9,different,3620,genome-ms_cst
8,1,different,287,genome-ms_cst
8,2,different,329,genome-ms_cst
8,3,different,515,genome-ms_cst
8,4,different,454,genome-ms_cst
8,5,different,334,genome-ms_cst
8,6,different,328,genome-ms_cst
8,7,different,548,genome-ms_cst
8,8,different,283,genome-ms_cst
8,9,different,481,genome-ms_cst
1,1,different,21900,proteome-ms_total
1,2,different,11222,proteome-ms_total
1,3,different,5904,proteome-ms_total
1,4,different,3149,proteome-ms_total
1,5,different,1937,proteome-ms_total
1,6,different,1585,proteome-ms_total
1,7,different,1125,proteome-ms_total
1,8,different,1058,proteome-ms_total
1,9,different,935,proteome-ms_total
2,1,different,36779,proteome-ms_total
2,2,different,18949,proteome-ms_total
2,3,different,10193,proteome-ms_total
2,4,different,5258,proteome-ms_total
2,5,different,3139,proteome-ms_total
2,6,different,2280,proteome-ms_total
2,7,different,1838,proteome-ms_total
2,8,different,1531,proteome-ms_total
2,9,different,1432,proteome-ms_total
3,1,different,64891,proteome-ms_total
3,2,different,34258,proteome-ms_total
3,3,different,17479,proteome-ms_total
3,4,different,9131,proteome-ms_total
3,5,different,5562,proteome-ms_total
3,6,different,4420,proteome-ms_total
3,7,different,3387,proteome-ms_total
3,8,different,3029,proteome-ms_total
3,9,different,2883,proteome-ms_total
4,1,different,18748,proteome-ms_total
4,2,different,9476,proteome-ms_total
4,3,different,4863,proteome-ms_total
4,4,different,2532,proteome-ms_total
4,5,different,1544,proteome-ms_total
4,6,different,1289,proteome-ms_total
4,7,different,995,proteome-ms_total
4,8,different,822,proteome-ms_total
4,9,different,832,proteome-ms_total
5,1,different,24266,proteome-ms_total
5,2,different,12386,proteome-ms_total
5,3,different,6352,proteome-ms_total
5,4,different,3424,proteome-ms_total
5,5,different,1952,proteome-ms_total
5,6,different,1558,proteome-ms_total
5,7,different,1111,proteome-ms_total
5,8,different,1023,proteome-ms_total
5,9,different,875,proteome-ms_total
6,1,different,16674,proteome-ms_total
6,2,different,8404,proteome-ms_total
6,3,different,4381,proteome-ms_total
6,4,different,2363,proteome-ms_total
6,5,different,1425,proteome-ms_total
6,6,different,1068,proteome-ms_total
6,7,different,816,proteome-ms_total
6,8,different,666,proteome-ms_total
6,9,different,691,proteome-ms_total
7,1,different,58245,proteome-ms_total
7,2,different,31945,proteome-ms_total
7,3,different,16196,proteome-ms_total
7,4,different,8837,proteome-ms_total
7,5,different,5462,proteome-ms_total
7,6,different,4715,proteome-ms_total
7,7,different,3615,proteome-ms_total
7,8,different,3443,proteome-ms_total
7,9,different,3239,proteome-ms_total
8,1,different,43666,proteome-ms_total
8,2,different,22480,proteome-ms_total
8,3,different,11678,proteome-ms_total
8,4,different,6272,proteome-ms_total
8,5,different,3665,proteome-ms_total
8,6,different,2877,proteome-ms_total
8,7,different,2125,proteome-ms_total
8,8,different,1905,proteome-ms_total
8,9,different,1695,proteome-ms_total
1,1,different,0,proteome-runs_correct
1,2,different,0,proteome-runs_correct
1,3,different,1,proteome-runs_correct
1,4,different,2,proteome-runs_correct
1,5,different,8,proteome-runs_correct
1,6,different,7,proteome-runs_correct
1,7,different,14,proteome-runs_correct
1,8,different,11,proteome-runs_correct
1,9,different,21,proteome-runs_correct
2,1,different,0,proteome-runs_correct
2,2,different,1,proteome-runs_correct
2,3,different,1,proteome-runs_correct
2,4,different,4,proteome-runs_correct
2,5,different,4,proteome-runs_correct
2,6,different,10,proteome-runs_correct
2,7,different,9,proteome-runs_correct
2,8,different,18,proteome-runs_correct
2,9,different,13,proteome-runs_correct
3,1,different,0,proteome-runs_correct
3,2,different,2,proteome-runs_correct
3,3,different,1,proteome-runs_correct
3,4,different,4,proteome-runs_correct
3,5,different,7,proteome-runs_correct
3,6,different,11,proteome-runs_correct
3,7,different,9,proteome-runs_correct
3,8,different,17,proteome-runs_correct
3,9,different,14,proteome-runs_correct
4,1,different,0,proteome-runs_correct
4,2,different,1,proteome-runs_correct
4,3,different,1,proteome-runs_correct
4,4,different,4,proteome-runs_correct
4,5,different,7,proteome-runs_correct
4,6,different,6,proteome-runs_correct
4,7,different,9,proteome-runs_correct
4,8,different,18,proteome-runs_correct
4,9,different,14,proteome-runs_correct
5,1,different,0,proteome-runs_correct
5,2,different,1,proteome-runs_correct
5,3,different,1,proteome-runs_correct
5,4,different,2,proteome-runs_correct
5,5,different,7,proteome-runs_correct
5,6,different,5,proteome-runs_correct
5,7,different,14,proteome-runs_correct
5,8,different,10,proteome-runs_correct
5,9,different,21,proteome-runs_correct
6,1,different,0,proteome-runs_correct
6,2,different,0,proteome-runs_correct
6,3,different,1,proteome-runs_correct
6,4,different,2,proteome-runs_correct
6,5,different,4,proteome-runs_correct
6,6,different,6,proteome-runs_correct
6,7,different,6,proteome-runs_correct
6,8,different,18,proteome-runs_correct
6,9,different,13,proteome-runs_correct
7,1,different,0,proteome-runs_correct
7,2,different,1,proteome-runs_correct
7,3,different,2,proteome-runs_correct
7,4,different,4,proteome-runs_correct
7,5,different,7,proteome-runs_correct
7,6,different,11,proteome-runs_correct
7,7,different,14,proteome-runs_correct
7,8,different,14,proteome-runs_correct
7,9,different,23,proteome-runs_correct
8,1,different,0,proteome-runs_correct
8,2,different,1,proteome-runs_correct
8,3,different,1,proteome-runs_correct
8,4,different,4,proteome-runs_correct
8,5,different,7,proteome-runs_correct
8,6,different,7,proteome-runs_correct
8,7,different,14,proteome-runs_correct
8,8,different,11,proteome-runs_correct
8,9,different,21,proteome-runs_correct
1,1,different,205,proteome-runs_merge
1,2,different,191,proteome-runs_merge
1,3,different,193,proteome-runs_merge
1,4,different,193,proteome-runs_merge
1,5,different,167,proteome-runs_merge
1,6,different,221,proteome-runs_merge
1,7,different,170,proteome-runs_merge
1,8,different,192,proteome-runs_merge
1,9,different,175,proteome-runs_merge
2,1,different,205,proteome-runs_merge
2,2,different,203,proteome-runs_merge
2,3,different,215,proteome-runs_merge
2,4,different,177,proteome-runs_merge
2,5,different,196,proteome-runs_merge
2,6,different,177,proteome-runs_merge
2,7,different,207,proteome-runs_merge
2,8,different,180,proteome-runs_merge
2,9,different,207,proteome-runs_merge
3,1,different,370,proteome-runs_merge
3,2,different,371,proteome-runs_merge
3,3,different,394,proteome-runs_merge
3,4,different,372,proteome-runs_merge
3,5,different,374,proteome-runs_merge
3,6,different,375,proteome-runs_merge
3,7,different,388,proteome-runs_merge
3,8,different,384,proteome-runs_merge
3,9,different,388,proteome-runs_merge
4,1,different,86,proteome-runs_merge
4,2,different,87,proteome-runs_merge
4,3,different,126,proteome-runs_merge
4,4,different,88,proteome-runs_merge
4,5,different,90,proteome-runs_merge
4,6,different,121,proteome-runs_merge
4,7,different,123,proteome-runs_merge
4,8,different,98,proteome-runs_merge
4,9,different,121,proteome-runs_merge
5,1,different,119,proteome-runs_merge
5,2,different,117,proteome-runs_merge
5,3,different,147,proteome-runs_merge
5,4,different,151,proteome-runs_merge
5,5,different,122,proteome-runs_merge
5,6,different,112,proteome-runs_merge
5,7,different,126,proteome-runs_merge
5,8,different,153,proteome-runs_merge
5,9,different,127,proteome-runs_merge
6,1,different,101,proteome-runs_merge
6,2,different,105,proteome-runs_merge
6,3,different,103,proteome-runs_merge
6,4,different,102,proteome-runs_merge
6,5,different,65,proteome-runs_merge
6,6,different,97,proteome-runs_merge
6,7,different,108,proteome-runs_merge
6,8,different,78,proteome-runs_merge
6,9,different,93,proteome-runs_merge
7,1,different,462,proteome-runs_merge
7,2,different,470,proteome-runs_merge
7,3,different,490,proteome-runs_merge
7,4,different,470,proteome-runs_merge
7,5,different,472,proteome-runs_merge
7,6,different,460,proteome-runs_merge
7,7,different,476,proteome-runs_merge
7,8,different,466,proteome-runs_merge
7,9,different,480,proteome-runs_merge
8,1,different,227,proteome-runs_merge
8,2,different,252,proteome-runs_merge
8,3,different,256,proteome-runs_merge
8,4,different,229,proteome-runs_merge
8,5,different,237,proteome-runs_merge
8,6,different,255,proteome-runs_merge
8,7,different,235,proteome-runs_merge
8,8,different,224,proteome-runs_merge
8,9,different,244,proteome-runs_merge
1,1,different,226370,genome-ms_total
1,2,different,96112,genome-ms_total
1,3,different,53564,genome-ms_total
1,4,different,27385,genome-ms_total
1,5,different,15835,genome-ms_total
1,6,different,12058,genome-ms_total
1,7,different,9318,genome-ms_total
1,8,different,7947,genome-ms_total
1,9,different,7509,genome-ms_total
2,1,different,1034693,genome-ms_total
2,2,different,463977,genome-ms_total
2,3,different,412677,genome-ms_total
2,4,different,164488,genome-ms_total
2,5,different,73469,genome-ms_total
2,6,different,57111,genome-ms_total
2,7,different,41194,genome-ms_total
2,8,different,37199,genome-ms_total
2,9,different,31956,genome-ms_total
3,1,different,5460993,genome-ms_total
3,2,different,3485012,genome-ms_total
3,3,different,1844247,genome-ms_total
3,4,different,1213149,genome-ms_total
3,5,different,539627,genome-ms_total
3,6,different,404953,genome-ms_total
3,7,different,294389,genome-ms_total
3,8,different,256345,genome-ms_total
3,9,different,229392,genome-ms_total
4,1,different,2057811,genome-ms_total
4,2,different,1416436,genome-ms_total
4,3,different,708174,genome-ms_total
4,4,different,422759,genome-ms_total
4,5,different,205513,genome-ms_total
4,6,different,154409,genome-ms_total
4,7,different,121878,genome-ms_total
4,8,different,101761,genome-ms_total
4,9,different,89796,genome-ms_total
5,1,different,122374,genome-ms_total
5,2,different,70747,genome-ms_total
5,3,different,36113,genome-ms_total
5,4,different,19527,genome-ms_total
5,5,different,11282,genome-ms_total
5,6,different,8845,genome-ms_total
5,7,different,6823,genome-ms_total
5,8,different,6097,genome-ms_total
5,9,different,5463,genome-ms_total
6,1,different,477989,genome-ms_total
6,2,different,200243,genome-ms_total
6,3,different,106811,genome-ms_total
6,4,different,55274,genome-ms_total
6,5,different,31875,genome-ms_total
6,6,different,24991,genome-ms_total
6,7,different,18641,genome-ms_total
6,8,different,16061,genome-ms_total
6,9,different,14796,genome-ms_total
7,1,different,8759868,genome-ms_total
7,2,different,5642896,genome-ms_total
7,3,different,3844806,genome-ms_total
7,4,different,1588450,genome-ms_total
7,5,different,911085,genome-ms_total
7,6,different,699798,genome-ms_total
7,7,different,531475,genome-ms_total
7,8,different,452027,genome-ms_total
7,9,different,398366,genome-ms_total
8,1,different,1611315,genome-ms_total
8,2,different,715199,genome-ms_total
8,3,different,383541,genome-ms_total
8,4,different,193331,genome-ms_total
8,5,different,104728,genome-ms_total
8,6,different,77945,genome-ms_total
8,7,different,58586,genome-ms_total
8,8,different,50575,genome-ms_total
8,9,different,45333,genome-ms_total
1,1,different,450103,genome-comp_total
1,2,different,191173,genome-comp_total
1,3,different,105983,genome-comp_total
1,4,different,53548,genome-comp_total
1,5,different,31047,genome-comp_total
1,6,different,22650,genome-comp_total
1,7,different,17540,genome-comp_total
1,8,different,14846,genome-comp_total
1,9,different,13697,genome-comp_total
2,1,different,2074062,genome-comp_total
2,2,different,936813,genome-comp_total
2,3,different,790543,genome-comp_total
2,4,different,316001,genome-comp_total
2,5,different,142959,genome-comp_total
2,6,different,107983,genome-comp_total
2,7,different,80592,genome-comp_total
2,8,different,70732,genome-comp_total
2,9,different,61101,genome-comp_total
3,1,different,10910213,genome-comp_total
3,2,different,7026167,genome-comp_total
3,3,different,3662038,genome-comp_total
3,4,different,2421169,genome-comp_total
3,5,different,1055423,genome-comp_total
3,6,different,770475,genome-comp_total
3,7,different,568777,genome-comp_total
3,8,different,491968,genome-comp_total
3,9,different,431285,genome-comp_total
4,1,different,4122877,genome-comp_total
4,2,different,2825178,genome-comp_total
4,3,different,1386242,genome-comp_total
4,4,different,817751,genome-comp_total
4,5,different,400018,genome-comp_total
4,6,different,291040,genome-comp_total
4,7,different,227795,genome-comp_total
4,8,different,189672,genome-comp_total
4,9,different,166558,genome-comp_total
5,1,different,242103,genome-comp_total
5,2,different,140101,genome-comp_total
5,3,different,70911,genome-comp_total
5,4,different,37549,genome-comp_total
5,5,different,21531,genome-comp_total
5,6,different,16292,genome-comp_total
5,7,different,12759,genome-comp_total
5,8,different,11101,genome-comp_total
5,9,different,9910,genome-comp_total
6,1,different,952397,genome-comp_total
6,2,different,399806,genome-comp_total
6,3,different,213257,genome-comp_total
6,4,different,108439,genome-comp_total
6,5,different,61146,genome-comp_total
6,6,different,45766,genome-comp_total
6,7,different,34927,genome-comp_total
6,8,different,29703,genome-comp_total
6,9,different,27101,genome-comp_total
7,1,different,20498594,genome-comp_total
7,2,different,11241024,genome-comp_total
7,3,different,7791127,genome-comp_total
7,4,different,3154367,genome-comp_total
7,5,different,1777816,genome-comp_total
7,6,different,1303497,genome-comp_total
7,7,different,1039054,genome-comp_total
7,8,different,841051,genome-comp_total
7,9,different,750313,genome-comp_total
8,1,different,3168921,genome-comp_total
8,2,different,1430806,genome-comp_total
8,3,different,759749,genome-comp_total
8,4,different,375674,genome-comp_total
8,5,different,201229,genome-comp_total
8,6,different,145503,genome-comp_total
8,7,different,110507,genome-comp_total
8,8,different,94767,genome-comp_total
8,9,different,82954,genome-comp_total
