len_s,len_t,measuring,where,key,value,b_path
3000000,200000,wl_calls,runs,a_na_nowl_narrow,72474,rep_3000000s_dis_200000t_abd.csv
3000000,200000,wl_calls,runs,a_na_nowl_wide,31756,rep_3000000s_dis_200000t_abd.csv
3000000,200000,wl_calls,runs,a_na_wl_narrow,28458,rep_3000000s_dis_200000t_abd.csv
3000000,200000,wl_calls,runs,a_na_wl_wide,21889,rep_3000000s_dis_200000t_abd.csv
3000000,200000,wl_calls,runs,b_na_nowl_narrow,71301,rep_3000000s_dis_200000t_abd.csv
3000000,200000,wl_calls,runs,b_na_nowl_wide,30974,rep_3000000s_dis_200000t_abd.csv
3000000,200000,wl_calls,runs,b_na_wl_narrow,28477,rep_3000000s_dis_200000t_abd.csv
3000000,200000,wl_calls,runs,b_na_wl_wide,21854,rep_3000000s_dis_200000t_abd.csv
3000000,200000,wl_calls,runs,d_na_nowl_narrow,71223,rep_3000000s_dis_200000t_abd.csv
3000000,200000,wl_calls,runs,d_na_nowl_wide,31884,rep_3000000s_dis_200000t_abd.csv
3000000,200000,wl_calls,runs,d_na_wl_narrow,29017,rep_3000000s_dis_200000t_abd.csv
3000000,200000,wl_calls,runs,d_na_wl_wide,21482,rep_3000000s_dis_200000t_abd.csv
3000000,200000,wl_calls,ms,?_maxrep_nowl_wide,1,rep_3000000s_dis_200000t_abd.csv
3000000,200000,wl_calls,ms,?_maxrep_wl_wide,1,rep_3000000s_dis_200000t_abd.csv
3000000,200000,wl_calls,ms,a_maxrep_nowl_narrow,11816,rep_3000000s_dis_200000t_abd.csv
3000000,200000,wl_calls,ms,a_maxrep_nowl_wide,14660,rep_3000000s_dis_200000t_abd.csv
3000000,200000,wl_calls,ms,a_maxrep_wl_narrow,11852,rep_3000000s_dis_200000t_abd.csv
3000000,200000,wl_calls,ms,a_maxrep_wl_wide,17698,rep_3000000s_dis_200000t_abd.csv
3000000,200000,wl_calls,ms,a_nomaxrep_nowl_narrow,59979,rep_3000000s_dis_200000t_abd.csv
3000000,200000,wl_calls,ms,a_nomaxrep_nowl_wide,16752,rep_3000000s_dis_200000t_abd.csv
3000000,200000,wl_calls,ms,a_nomaxrep_wl_narrow,16604,rep_3000000s_dis_200000t_abd.csv
3000000,200000,wl_calls,ms,a_nomaxrep_wl_wide,4575,rep_3000000s_dis_200000t_abd.csv
3000000,200000,wl_calls,ms,b_maxrep_nowl_narrow,10912,rep_3000000s_dis_200000t_abd.csv
3000000,200000,wl_calls,ms,b_maxrep_nowl_wide,14505,rep_3000000s_dis_200000t_abd.csv
3000000,200000,wl_calls,ms,b_maxrep_wl_narrow,11853,rep_3000000s_dis_200000t_abd.csv
3000000,200000,wl_calls,ms,b_maxrep_wl_wide,17571,rep_3000000s_dis_200000t_abd.csv
3000000,200000,wl_calls,ms,b_nomaxrep_nowl_narrow,60255,rep_3000000s_dis_200000t_abd.csv
3000000,200000,wl_calls,ms,b_nomaxrep_nowl_wide,17626,rep_3000000s_dis_200000t_abd.csv
3000000,200000,wl_calls,ms,b_nomaxrep_wl_narrow,16349,rep_3000000s_dis_200000t_abd.csv
3000000,200000,wl_calls,ms,b_nomaxrep_wl_wide,4232,rep_3000000s_dis_200000t_abd.csv
3000000,200000,wl_calls,ms,d_maxrep_nowl_narrow,11392,rep_3000000s_dis_200000t_abd.csv
3000000,200000,wl_calls,ms,d_maxrep_nowl_wide,14219,rep_3000000s_dis_200000t_abd.csv
3000000,200000,wl_calls,ms,d_maxrep_wl_narrow,11782,rep_3000000s_dis_200000t_abd.csv
3000000,200000,wl_calls,ms,d_maxrep_wl_wide,17452,rep_3000000s_dis_200000t_abd.csv
3000000,200000,wl_calls,ms,d_nomaxrep_nowl_narrow,59601,rep_3000000s_dis_200000t_abd.csv
3000000,200000,wl_calls,ms,d_nomaxrep_nowl_wide,17172,rep_3000000s_dis_200000t_abd.csv
3000000,200000,wl_calls,ms,d_nomaxrep_wl_narrow,16925,rep_3000000s_dis_200000t_abd.csv
3000000,200000,wl_calls,ms,d_nomaxrep_wl_wide,4470,rep_3000000s_dis_200000t_abd.csv
3000000,200000,pseq,runs,1,65103,rep_3000000s_dis_200000t_abd.csv
3000000,200000,pseq,runs,2,30343,rep_3000000s_dis_200000t_abd.csv
3000000,200000,pseq,runs,3,8149,rep_3000000s_dis_200000t_abd.csv
3000000,200000,pseq,runs,4,1243,rep_3000000s_dis_200000t_abd.csv
3000000,200000,pseq,runs,5,117,rep_3000000s_dis_200000t_abd.csv
3000000,200000,pseq,runs,6,6,rep_3000000s_dis_200000t_abd.csv
3000000,200000,pseq,ms,1,65434,rep_3000000s_dis_200000t_abd.csv
3000000,200000,pseq,ms,2,30168,rep_3000000s_dis_200000t_abd.csv
3000000,200000,pseq,ms,3,8043,rep_3000000s_dis_200000t_abd.csv
3000000,200000,pseq,ms,4,1202,rep_3000000s_dis_200000t_abd.csv
3000000,200000,pseq,ms,5,101,rep_3000000s_dis_200000t_abd.csv
3000000,200000,pseq,ms,6,11,rep_3000000s_dis_200000t_abd.csv
3000000,200000,pseq,ms,7,2,rep_3000000s_dis_200000t_abd.csv
3000000,200000,wlseq,ms,0,48773,rep_3000000s_dis_200000t_abd.csv
3000000,200000,wlseq,ms,1,31837,rep_3000000s_dis_200000t_abd.csv
3000000,200000,wlseq,ms,2,15029,rep_3000000s_dis_200000t_abd.csv
3000000,200000,wlseq,ms,3,6007,rep_3000000s_dis_200000t_abd.csv
3000000,200000,wlseq,ms,4,2103,rep_3000000s_dis_200000t_abd.csv
3000000,200000,wlseq,ms,5,805,rep_3000000s_dis_200000t_abd.csv
3000000,200000,wlseq,ms,6,257,rep_3000000s_dis_200000t_abd.csv
3000000,200000,wlseq,ms,7,100,rep_3000000s_dis_200000t_abd.csv
3000000,200000,wlseq,ms,8,23,rep_3000000s_dis_200000t_abd.csv
3000000,200000,wlseq,ms,9,22,rep_3000000s_dis_200000t_abd.csv
3000000,200000,wlseq,ms,10,5,rep_3000000s_dis_200000t_abd.csv
3000000,200000,wlseq,ms,11,1,rep_3000000s_dis_200000t_abd.csv
3000000,200000,wl_calls,runs,a_na_nowl_narrow,76087,rep_3000000s_dis_200000t_aaaaabbbbbd.csv
3000000,200000,wl_calls,runs,a_na_nowl_wide,26728,rep_3000000s_dis_200000t_aaaaabbbbbd.csv
3000000,200000,wl_calls,runs,a_na_wl_narrow,46823,rep_3000000s_dis_200000t_aaaaabbbbbd.csv
3000000,200000,wl_calls,runs,a_na_wl_wide,31345,rep_3000000s_dis_200000t_aaaaabbbbbd.csv
3000000,200000,wl_calls,runs,b_na_nowl_narrow,76476,rep_3000000s_dis_200000t_aaaaabbbbbd.csv
3000000,200000,wl_calls,runs,b_na_nowl_wide,26434,rep_3000000s_dis_200000t_aaaaabbbbbd.csv
3000000,200000,wl_calls,runs,b_na_wl_narrow,46866,rep_3000000s_dis_200000t_aaaaabbbbbd.csv
3000000,200000,wl_calls,runs,b_na_wl_wide,31207,rep_3000000s_dis_200000t_aaaaabbbbbd.csv
3000000,200000,wl_calls,runs,d_na_nowl_narrow,36348,rep_3000000s_dis_200000t_aaaaabbbbbd.csv
3000000,200000,wl_calls,runs,d_na_nowl_wide,25496,rep_3000000s_dis_200000t_aaaaabbbbbd.csv
3000000,200000,wl_calls,runs,d_na_wl_narrow,3094,rep_3000000s_dis_200000t_aaaaabbbbbd.csv
3000000,200000,wl_calls,runs,d_na_wl_wide,3100,rep_3000000s_dis_200000t_aaaaabbbbbd.csv
3000000,200000,wl_calls,ms,?_maxrep_nowl_wide,1,rep_3000000s_dis_200000t_aaaaabbbbbd.csv
3000000,200000,wl_calls,ms,?_maxrep_wl_wide,1,rep_3000000s_dis_200000t_aaaaabbbbbd.csv
3000000,200000,wl_calls,ms,a_maxrep_nowl_narrow,6190,rep_3000000s_dis_200000t_aaaaabbbbbd.csv
3000000,200000,wl_calls,ms,a_maxrep_nowl_wide,6477,rep_3000000s_dis_200000t_aaaaabbbbbd.csv
3000000,200000,wl_calls,ms,a_maxrep_wl_narrow,15172,rep_3000000s_dis_200000t_aaaaabbbbbd.csv
3000000,200000,wl_calls,ms,a_maxrep_wl_wide,23775,rep_3000000s_dis_200000t_aaaaabbbbbd.csv
3000000,200000,wl_calls,ms,a_nomaxrep_nowl_narrow,68908,rep_3000000s_dis_200000t_aaaaabbbbbd.csv
3000000,200000,wl_calls,ms,a_nomaxrep_nowl_wide,20094,rep_3000000s_dis_200000t_aaaaabbbbbd.csv
3000000,200000,wl_calls,ms,a_nomaxrep_wl_narrow,31487,rep_3000000s_dis_200000t_aaaaabbbbbd.csv
3000000,200000,wl_calls,ms,a_nomaxrep_wl_wide,7852,rep_3000000s_dis_200000t_aaaaabbbbbd.csv
3000000,200000,wl_calls,ms,b_maxrep_nowl_narrow,6210,rep_3000000s_dis_200000t_aaaaabbbbbd.csv
3000000,200000,wl_calls,ms,b_maxrep_nowl_wide,6514,rep_3000000s_dis_200000t_aaaaabbbbbd.csv
3000000,200000,wl_calls,ms,b_maxrep_wl_narrow,15250,rep_3000000s_dis_200000t_aaaaabbbbbd.csv
3000000,200000,wl_calls,ms,b_maxrep_wl_wide,23884,rep_3000000s_dis_200000t_aaaaabbbbbd.csv
3000000,200000,wl_calls,ms,b_nomaxrep_nowl_narrow,71057,rep_3000000s_dis_200000t_aaaaabbbbbd.csv
3000000,200000,wl_calls,ms,b_nomaxrep_nowl_wide,19790,rep_3000000s_dis_200000t_aaaaabbbbbd.csv
3000000,200000,wl_calls,ms,b_nomaxrep_wl_narrow,30858,rep_3000000s_dis_200000t_aaaaabbbbbd.csv
3000000,200000,wl_calls,ms,b_nomaxrep_wl_wide,7889,rep_3000000s_dis_200000t_aaaaabbbbbd.csv
3000000,200000,wl_calls,ms,d_maxrep_nowl_narrow,8203,rep_3000000s_dis_200000t_aaaaabbbbbd.csv
3000000,200000,wl_calls,ms,d_maxrep_nowl_wide,18046,rep_3000000s_dis_200000t_aaaaabbbbbd.csv
3000000,200000,wl_calls,ms,d_maxrep_wl_narrow,1609,rep_3000000s_dis_200000t_aaaaabbbbbd.csv
3000000,200000,wl_calls,ms,d_maxrep_wl_wide,2746,rep_3000000s_dis_200000t_aaaaabbbbbd.csv
3000000,200000,wl_calls,ms,d_nomaxrep_nowl_narrow,28231,rep_3000000s_dis_200000t_aaaaabbbbbd.csv
3000000,200000,wl_calls,ms,d_nomaxrep_nowl_wide,7818,rep_3000000s_dis_200000t_aaaaabbbbbd.csv
3000000,200000,wl_calls,ms,d_nomaxrep_wl_narrow,1434,rep_3000000s_dis_200000t_aaaaabbbbbd.csv
3000000,200000,wl_calls,ms,d_nomaxrep_wl_wide,260,rep_3000000s_dis_200000t_aaaaabbbbbd.csv
3000000,200000,pseq,runs,1,53833,rep_3000000s_dis_200000t_aaaaabbbbbd.csv
3000000,200000,pseq,runs,2,22859,rep_3000000s_dis_200000t_aaaaabbbbbd.csv
3000000,200000,pseq,runs,3,8346,rep_3000000s_dis_200000t_aaaaabbbbbd.csv
3000000,200000,pseq,runs,4,2792,rep_3000000s_dis_200000t_aaaaabbbbbd.csv
3000000,200000,pseq,runs,5,815,rep_3000000s_dis_200000t_aaaaabbbbbd.csv
3000000,200000,pseq,runs,6,181,rep_3000000s_dis_200000t_aaaaabbbbbd.csv
3000000,200000,pseq,runs,7,29,rep_3000000s_dis_200000t_aaaaabbbbbd.csv
3000000,200000,pseq,runs,8,2,rep_3000000s_dis_200000t_aaaaabbbbbd.csv
3000000,200000,pseq,runs,10,1,rep_3000000s_dis_200000t_aaaaabbbbbd.csv
3000000,200000,pseq,ms,1,53867,rep_3000000s_dis_200000t_aaaaabbbbbd.csv
3000000,200000,pseq,ms,2,22971,rep_3000000s_dis_200000t_aaaaabbbbbd.csv
3000000,200000,pseq,ms,3,8226,rep_3000000s_dis_200000t_aaaaabbbbbd.csv
3000000,200000,pseq,ms,4,2778,rep_3000000s_dis_200000t_aaaaabbbbbd.csv
3000000,200000,pseq,ms,5,827,rep_3000000s_dis_200000t_aaaaabbbbbd.csv
3000000,200000,pseq,ms,6,163,rep_3000000s_dis_200000t_aaaaabbbbbd.csv
3000000,200000,pseq,ms,7,24,rep_3000000s_dis_200000t_aaaaabbbbbd.csv
3000000,200000,pseq,ms,8,1,rep_3000000s_dis_200000t_aaaaabbbbbd.csv
3000000,200000,pseq,ms,9,1,rep_3000000s_dis_200000t_aaaaabbbbbd.csv
3000000,200000,wlseq,ms,0,35047,rep_3000000s_dis_200000t_aaaaabbbbbd.csv
3000000,200000,wlseq,ms,1,24246,rep_3000000s_dis_200000t_aaaaabbbbbd.csv
3000000,200000,wlseq,ms,2,14651,rep_3000000s_dis_200000t_aaaaabbbbbd.csv
3000000,200000,wlseq,ms,3,7822,rep_3000000s_dis_200000t_aaaaabbbbbd.csv
3000000,200000,wlseq,ms,4,3857,rep_3000000s_dis_200000t_aaaaabbbbbd.csv
3000000,200000,wlseq,ms,5,1805,rep_3000000s_dis_200000t_aaaaabbbbbd.csv
3000000,200000,wlseq,ms,6,797,rep_3000000s_dis_200000t_aaaaabbbbbd.csv
3000000,200000,wlseq,ms,7,364,rep_3000000s_dis_200000t_aaaaabbbbbd.csv
3000000,200000,wlseq,ms,8,160,rep_3000000s_dis_200000t_aaaaabbbbbd.csv
3000000,200000,wlseq,ms,9,65,rep_3000000s_dis_200000t_aaaaabbbbbd.csv
3000000,200000,wlseq,ms,10,29,rep_3000000s_dis_200000t_aaaaabbbbbd.csv
3000000,200000,wlseq,ms,11,8,rep_3000000s_dis_200000t_aaaaabbbbbd.csv
3000000,200000,wlseq,ms,12,6,rep_3000000s_dis_200000t_aaaaabbbbbd.csv
3000000,200000,wlseq,ms,13,1,rep_3000000s_dis_200000t_aaaaabbbbbd.csv
3000000,200000,wlseq,ms,16,1,rep_3000000s_dis_200000t_aaaaabbbbbd.csv
3000000,200000,wl_calls,runs,a_na_nowl_narrow,77311,rep_3000000s_dis_200000t_aaaaaabbbbbbd.csv
3000000,200000,wl_calls,runs,a_na_nowl_wide,26734,rep_3000000s_dis_200000t_aaaaaabbbbbbd.csv
3000000,200000,wl_calls,runs,a_na_wl_narrow,47936,rep_3000000s_dis_200000t_aaaaaabbbbbbd.csv
3000000,200000,wl_calls,runs,a_na_wl_wide,31269,rep_3000000s_dis_200000t_aaaaaabbbbbbd.csv
3000000,200000,wl_calls,runs,b_na_nowl_narrow,76988,rep_3000000s_dis_200000t_aaaaaabbbbbbd.csv
3000000,200000,wl_calls,runs,b_na_nowl_wide,25535,rep_3000000s_dis_200000t_aaaaaabbbbbbd.csv
3000000,200000,wl_calls,runs,b_na_wl_narrow,47919,rep_3000000s_dis_200000t_aaaaaabbbbbbd.csv
3000000,200000,wl_calls,runs,b_na_wl_wide,31086,rep_3000000s_dis_200000t_aaaaaabbbbbbd.csv
3000000,200000,wl_calls,runs,d_na_nowl_narrow,32412,rep_3000000s_dis_200000t_aaaaaabbbbbbd.csv
3000000,200000,wl_calls,runs,d_na_nowl_wide,23458,rep_3000000s_dis_200000t_aaaaaabbbbbbd.csv
3000000,200000,wl_calls,runs,d_na_wl_narrow,2530,rep_3000000s_dis_200000t_aaaaaabbbbbbd.csv
3000000,200000,wl_calls,runs,d_na_wl_wide,2394,rep_3000000s_dis_200000t_aaaaaabbbbbbd.csv
3000000,200000,wl_calls,ms,?_maxrep_wl_wide,1,rep_3000000s_dis_200000t_aaaaaabbbbbbd.csv
3000000,200000,wl_calls,ms,?_nomaxrep_nowl_narrow,1,rep_3000000s_dis_200000t_aaaaaabbbbbbd.csv
3000000,200000,wl_calls,ms,a_maxrep_nowl_narrow,5681,rep_3000000s_dis_200000t_aaaaaabbbbbbd.csv
3000000,200000,wl_calls,ms,a_maxrep_nowl_wide,5930,rep_3000000s_dis_200000t_aaaaaabbbbbbd.csv
3000000,200000,wl_calls,ms,a_maxrep_wl_narrow,15696,rep_3000000s_dis_200000t_aaaaaabbbbbbd.csv
3000000,200000,wl_calls,ms,a_maxrep_wl_wide,22809,rep_3000000s_dis_200000t_aaaaaabbbbbbd.csv
3000000,200000,wl_calls,ms,a_nomaxrep_nowl_narrow,70939,rep_3000000s_dis_200000t_aaaaaabbbbbbd.csv
3000000,200000,wl_calls,ms,a_nomaxrep_nowl_wide,20637,rep_3000000s_dis_200000t_aaaaaabbbbbbd.csv
3000000,200000,wl_calls,ms,a_nomaxrep_wl_narrow,32856,rep_3000000s_dis_200000t_aaaaaabbbbbbd.csv
3000000,200000,wl_calls,ms,a_nomaxrep_wl_wide,8069,rep_3000000s_dis_200000t_aaaaaabbbbbbd.csv
3000000,200000,wl_calls,ms,b_maxrep_nowl_narrow,5831,rep_3000000s_dis_200000t_aaaaaabbbbbbd.csv
3000000,200000,wl_calls,ms,b_maxrep_nowl_wide,5614,rep_3000000s_dis_200000t_aaaaaabbbbbbd.csv
3000000,200000,wl_calls,ms,b_maxrep_wl_narrow,15552,rep_3000000s_dis_200000t_aaaaaabbbbbbd.csv
3000000,200000,wl_calls,ms,b_maxrep_wl_wide,23016,rep_3000000s_dis_200000t_aaaaaabbbbbbd.csv
3000000,200000,wl_calls,ms,b_nomaxrep_nowl_narrow,71573,rep_3000000s_dis_200000t_aaaaaabbbbbbd.csv
3000000,200000,wl_calls,ms,b_nomaxrep_nowl_wide,20246,rep_3000000s_dis_200000t_aaaaaabbbbbbd.csv
3000000,200000,wl_calls,ms,b_nomaxrep_wl_narrow,32079,rep_3000000s_dis_200000t_aaaaaabbbbbbd.csv
3000000,200000,wl_calls,ms,b_nomaxrep_wl_wide,8094,rep_3000000s_dis_200000t_aaaaaabbbbbbd.csv
3000000,200000,wl_calls,ms,d_maxrep_nowl_narrow,7551,rep_3000000s_dis_200000t_aaaaaabbbbbbd.csv
3000000,200000,wl_calls,ms,d_maxrep_nowl_wide,17044,rep_3000000s_dis_200000t_aaaaaabbbbbbd.csv
3000000,200000,wl_calls,ms,d_maxrep_wl_narrow,1230,rep_3000000s_dis_200000t_aaaaaabbbbbbd.csv
3000000,200000,wl_calls,ms,d_maxrep_wl_wide,2303,rep_3000000s_dis_200000t_aaaaaabbbbbbd.csv
3000000,200000,wl_calls,ms,d_nomaxrep_nowl_narrow,24959,rep_3000000s_dis_200000t_aaaaaabbbbbbd.csv
3000000,200000,wl_calls,ms,d_nomaxrep_nowl_wide,6635,rep_3000000s_dis_200000t_aaaaaabbbbbbd.csv
3000000,200000,wl_calls,ms,d_nomaxrep_wl_narrow,1142,rep_3000000s_dis_200000t_aaaaaabbbbbbd.csv
3000000,200000,wl_calls,ms,d_nomaxrep_wl_wide,225,rep_3000000s_dis_200000t_aaaaaabbbbbbd.csv
3000000,200000,pseq,runs,1,53018,rep_3000000s_dis_200000t_aaaaaabbbbbbd.csv
3000000,200000,pseq,runs,2,22191,rep_3000000s_dis_200000t_aaaaaabbbbbbd.csv
3000000,200000,pseq,runs,3,8058,rep_3000000s_dis_200000t_aaaaaabbbbbbd.csv
3000000,200000,pseq,runs,4,2737,rep_3000000s_dis_200000t_aaaaaabbbbbbd.csv
3000000,200000,pseq,runs,5,877,rep_3000000s_dis_200000t_aaaaaabbbbbbd.csv
3000000,200000,pseq,runs,6,214,rep_3000000s_dis_200000t_aaaaaabbbbbbd.csv
3000000,200000,pseq,runs,7,29,rep_3000000s_dis_200000t_aaaaaabbbbbbd.csv
3000000,200000,pseq,runs,8,5,rep_3000000s_dis_200000t_aaaaaabbbbbbd.csv
3000000,200000,pseq,runs,9,1,rep_3000000s_dis_200000t_aaaaaabbbbbbd.csv
3000000,200000,pseq,ms,1,53344,rep_3000000s_dis_200000t_aaaaaabbbbbbd.csv
3000000,200000,pseq,ms,2,21829,rep_3000000s_dis_200000t_aaaaaabbbbbbd.csv
3000000,200000,pseq,ms,3,7876,rep_3000000s_dis_200000t_aaaaaabbbbbbd.csv
3000000,200000,pseq,ms,4,2844,rep_3000000s_dis_200000t_aaaaaabbbbbbd.csv
3000000,200000,pseq,ms,5,918,rep_3000000s_dis_200000t_aaaaaabbbbbbd.csv
3000000,200000,pseq,ms,6,257,rep_3000000s_dis_200000t_aaaaaabbbbbbd.csv
3000000,200000,pseq,ms,7,52,rep_3000000s_dis_200000t_aaaaaabbbbbbd.csv
3000000,200000,pseq,ms,8,10,rep_3000000s_dis_200000t_aaaaaabbbbbbd.csv
3000000,200000,wlseq,ms,0,33697,rep_3000000s_dis_200000t_aaaaaabbbbbbd.csv
3000000,200000,wlseq,ms,1,23565,rep_3000000s_dis_200000t_aaaaaabbbbbbd.csv
3000000,200000,wlseq,ms,2,14375,rep_3000000s_dis_200000t_aaaaaabbbbbbd.csv
3000000,200000,wlseq,ms,3,7838,rep_3000000s_dis_200000t_aaaaaabbbbbbd.csv
3000000,200000,wlseq,ms,4,4078,rep_3000000s_dis_200000t_aaaaaabbbbbbd.csv
3000000,200000,wlseq,ms,5,1991,rep_3000000s_dis_200000t_aaaaaabbbbbbd.csv
3000000,200000,wlseq,ms,6,878,rep_3000000s_dis_200000t_aaaaaabbbbbbd.csv
3000000,200000,wlseq,ms,7,402,rep_3000000s_dis_200000t_aaaaaabbbbbbd.csv
3000000,200000,wlseq,ms,8,171,rep_3000000s_dis_200000t_aaaaaabbbbbbd.csv
3000000,200000,wlseq,ms,9,83,rep_3000000s_dis_200000t_aaaaaabbbbbbd.csv
3000000,200000,wlseq,ms,10,27,rep_3000000s_dis_200000t_aaaaaabbbbbbd.csv
3000000,200000,wlseq,ms,11,12,rep_3000000s_dis_200000t_aaaaaabbbbbbd.csv
3000000,200000,wlseq,ms,12,9,rep_3000000s_dis_200000t_aaaaaabbbbbbd.csv
3000000,200000,wlseq,ms,13,4,rep_3000000s_dis_200000t_aaaaaabbbbbbd.csv
3000000,200000,wlseq,ms,14,1,rep_3000000s_dis_200000t_aaaaaabbbbbbd.csv
3000000,200000,wl_calls,runs,b_na_nowl_narrow,91405,rep_3000000s_dis_200000t_bd.csv
3000000,200000,wl_calls,runs,b_na_nowl_wide,22451,rep_3000000s_dis_200000t_bd.csv
3000000,200000,wl_calls,runs,b_na_wl_narrow,64691,rep_3000000s_dis_200000t_bd.csv
3000000,200000,wl_calls,runs,b_na_wl_wide,21185,rep_3000000s_dis_200000t_bd.csv
3000000,200000,wl_calls,runs,d_na_nowl_narrow,91823,rep_3000000s_dis_200000t_bd.csv
3000000,200000,wl_calls,runs,d_na_nowl_wide,22605,rep_3000000s_dis_200000t_bd.csv
3000000,200000,wl_calls,runs,d_na_wl_narrow,64628,rep_3000000s_dis_200000t_bd.csv
3000000,200000,wl_calls,runs,d_na_wl_wide,21214,rep_3000000s_dis_200000t_bd.csv
3000000,200000,wl_calls,ms,?_maxrep_wl_wide,1,rep_3000000s_dis_200000t_bd.csv
3000000,200000,wl_calls,ms,?_nomaxrep_nowl_wide,1,rep_3000000s_dis_200000t_bd.csv
3000000,200000,wl_calls,ms,b_maxrep_nowl_narrow,5,rep_3000000s_dis_200000t_bd.csv
3000000,200000,wl_calls,ms,b_maxrep_wl_narrow,17798,rep_3000000s_dis_200000t_bd.csv
3000000,200000,wl_calls,ms,b_maxrep_wl_wide,12916,rep_3000000s_dis_200000t_bd.csv
3000000,200000,wl_calls,ms,b_nomaxrep_nowl_narrow,91195,rep_3000000s_dis_200000t_bd.csv
3000000,200000,wl_calls,ms,b_nomaxrep_nowl_wide,22147,rep_3000000s_dis_200000t_bd.csv
3000000,200000,wl_calls,ms,b_nomaxrep_wl_narrow,46532,rep_3000000s_dis_200000t_bd.csv
3000000,200000,wl_calls,ms,b_nomaxrep_wl_wide,8984,rep_3000000s_dis_200000t_bd.csv
3000000,200000,wl_calls,ms,d_maxrep_wl_narrow,17831,rep_3000000s_dis_200000t_bd.csv
3000000,200000,wl_calls,ms,d_maxrep_wl_wide,13052,rep_3000000s_dis_200000t_bd.csv
3000000,200000,wl_calls,ms,d_nomaxrep_nowl_narrow,91789,rep_3000000s_dis_200000t_bd.csv
3000000,200000,wl_calls,ms,d_nomaxrep_nowl_wide,22625,rep_3000000s_dis_200000t_bd.csv
3000000,200000,wl_calls,ms,d_nomaxrep_wl_narrow,46188,rep_3000000s_dis_200000t_bd.csv
3000000,200000,wl_calls,ms,d_nomaxrep_wl_wide,8489,rep_3000000s_dis_200000t_bd.csv
3000000,200000,pseq,runs,1,52169,rep_3000000s_dis_200000t_bd.csv
3000000,200000,pseq,runs,2,20690,rep_3000000s_dis_200000t_bd.csv
3000000,200000,pseq,runs,3,6211,rep_3000000s_dis_200000t_bd.csv
3000000,200000,pseq,runs,4,1435,rep_3000000s_dis_200000t_bd.csv
3000000,200000,pseq,runs,5,228,rep_3000000s_dis_200000t_bd.csv
3000000,200000,pseq,runs,6,25,rep_3000000s_dis_200000t_bd.csv
3000000,200000,pseq,runs,7,3,rep_3000000s_dis_200000t_bd.csv
3000000,200000,pseq,runs,8,1,rep_3000000s_dis_200000t_bd.csv
3000000,200000,pseq,ms,1,52376,rep_3000000s_dis_200000t_bd.csv
3000000,200000,pseq,ms,2,20639,rep_3000000s_dis_200000t_bd.csv
3000000,200000,pseq,ms,3,6154,rep_3000000s_dis_200000t_bd.csv
3000000,200000,pseq,ms,4,1332,rep_3000000s_dis_200000t_bd.csv
3000000,200000,pseq,ms,5,225,rep_3000000s_dis_200000t_bd.csv
3000000,200000,pseq,ms,6,33,rep_3000000s_dis_200000t_bd.csv
3000000,200000,pseq,ms,7,1,rep_3000000s_dis_200000t_bd.csv
3000000,200000,pseq,ms,8,2,rep_3000000s_dis_200000t_bd.csv
3000000,200000,wlseq,ms,0,28760,rep_3000000s_dis_200000t_bd.csv
3000000,200000,wlseq,ms,1,21275,rep_3000000s_dis_200000t_bd.csv
3000000,200000,wlseq,ms,2,13555,rep_3000000s_dis_200000t_bd.csv
3000000,200000,wlseq,ms,3,7909,rep_3000000s_dis_200000t_bd.csv
3000000,200000,wlseq,ms,4,4335,rep_3000000s_dis_200000t_bd.csv
3000000,200000,wlseq,ms,5,2398,rep_3000000s_dis_200000t_bd.csv
3000000,200000,wlseq,ms,6,1260,rep_3000000s_dis_200000t_bd.csv
3000000,200000,wlseq,ms,7,620,rep_3000000s_dis_200000t_bd.csv
3000000,200000,wlseq,ms,8,309,rep_3000000s_dis_200000t_bd.csv
3000000,200000,wlseq,ms,9,167,rep_3000000s_dis_200000t_bd.csv
3000000,200000,wlseq,ms,10,91,rep_3000000s_dis_200000t_bd.csv
3000000,200000,wlseq,ms,11,40,rep_3000000s_dis_200000t_bd.csv
3000000,200000,wlseq,ms,12,19,rep_3000000s_dis_200000t_bd.csv
3000000,200000,wlseq,ms,13,15,rep_3000000s_dis_200000t_bd.csv
3000000,200000,wlseq,ms,14,7,rep_3000000s_dis_200000t_bd.csv
3000000,200000,wlseq,ms,15,1,rep_3000000s_dis_200000t_bd.csv
3000000,200000,wlseq,ms,16,1,rep_3000000s_dis_200000t_bd.csv
3000000,200000,wlseq,ms,18,1,rep_3000000s_dis_200000t_bd.csv
3000000,200000,wl_calls,runs,b_na_nowl_narrow,36167,rep_3000000s_dis_200000t_bbbbbd.csv
3000000,200000,wl_calls,runs,b_na_nowl_wide,4806,rep_3000000s_dis_200000t_bbbbbd.csv
3000000,200000,wl_calls,runs,b_na_wl_narrow,126118,rep_3000000s_dis_200000t_bbbbbd.csv
3000000,200000,wl_calls,runs,b_na_wl_wide,38823,rep_3000000s_dis_200000t_bbbbbd.csv
3000000,200000,wl_calls,runs,d_na_nowl_narrow,70241,rep_3000000s_dis_200000t_bbbbbd.csv
3000000,200000,wl_calls,runs,d_na_nowl_wide,27158,rep_3000000s_dis_200000t_bbbbbd.csv
3000000,200000,wl_calls,runs,d_na_wl_narrow,10972,rep_3000000s_dis_200000t_bbbbbd.csv
3000000,200000,wl_calls,runs,d_na_wl_wide,6548,rep_3000000s_dis_200000t_bbbbbd.csv
3000000,200000,wl_calls,ms,?_maxrep_wl_wide,1,rep_3000000s_dis_200000t_bbbbbd.csv
3000000,200000,wl_calls,ms,?_nomaxrep_nowl_wide,1,rep_3000000s_dis_200000t_bbbbbd.csv
3000000,200000,wl_calls,ms,b_maxrep_wl_narrow,18303,rep_3000000s_dis_200000t_bbbbbd.csv
3000000,200000,wl_calls,ms,b_maxrep_wl_wide,18173,rep_3000000s_dis_200000t_bbbbbd.csv
3000000,200000,wl_calls,ms,b_nomaxrep_nowl_narrow,36073,rep_3000000s_dis_200000t_bbbbbd.csv
3000000,200000,wl_calls,ms,b_nomaxrep_nowl_wide,4828,rep_3000000s_dis_200000t_bbbbbd.csv
3000000,200000,wl_calls,ms,b_nomaxrep_wl_narrow,107877,rep_3000000s_dis_200000t_bbbbbd.csv
3000000,200000,wl_calls,ms,b_nomaxrep_wl_wide,20572,rep_3000000s_dis_200000t_bbbbbd.csv
3000000,200000,wl_calls,ms,d_maxrep_wl_narrow,5974,rep_3000000s_dis_200000t_bbbbbd.csv
3000000,200000,wl_calls,ms,d_maxrep_wl_wide,5926,rep_3000000s_dis_200000t_bbbbbd.csv
3000000,200000,wl_calls,ms,d_nomaxrep_nowl_narrow,69375,rep_3000000s_dis_200000t_bbbbbd.csv
3000000,200000,wl_calls,ms,d_nomaxrep_nowl_wide,28220,rep_3000000s_dis_200000t_bbbbbd.csv
3000000,200000,wl_calls,ms,d_nomaxrep_wl_narrow,5428,rep_3000000s_dis_200000t_bbbbbd.csv
3000000,200000,wl_calls,ms,d_nomaxrep_wl_wide,564,rep_3000000s_dis_200000t_bbbbbd.csv
3000000,200000,pseq,runs,1,24061,rep_3000000s_dis_200000t_bbbbbd.csv
3000000,200000,pseq,runs,2,8311,rep_3000000s_dis_200000t_bbbbbd.csv
3000000,200000,pseq,runs,3,4150,rep_3000000s_dis_200000t_bbbbbd.csv
3000000,200000,pseq,runs,4,2244,rep_3000000s_dis_200000t_bbbbbd.csv
3000000,200000,pseq,runs,5,1290,rep_3000000s_dis_200000t_bbbbbd.csv
3000000,200000,pseq,runs,6,712,rep_3000000s_dis_200000t_bbbbbd.csv
3000000,200000,pseq,runs,7,407,rep_3000000s_dis_200000t_bbbbbd.csv
3000000,200000,pseq,runs,8,205,rep_3000000s_dis_200000t_bbbbbd.csv
3000000,200000,pseq,runs,9,111,rep_3000000s_dis_200000t_bbbbbd.csv
3000000,200000,pseq,runs,10,51,rep_3000000s_dis_200000t_bbbbbd.csv
3000000,200000,pseq,runs,11,24,rep_3000000s_dis_200000t_bbbbbd.csv
3000000,200000,pseq,runs,12,8,rep_3000000s_dis_200000t_bbbbbd.csv
3000000,200000,pseq,runs,13,4,rep_3000000s_dis_200000t_bbbbbd.csv
3000000,200000,pseq,runs,14,1,rep_3000000s_dis_200000t_bbbbbd.csv
3000000,200000,pseq,ms,1,24390,rep_3000000s_dis_200000t_bbbbbd.csv
3000000,200000,pseq,ms,2,7999,rep_3000000s_dis_200000t_bbbbbd.csv
3000000,200000,pseq,ms,3,3952,rep_3000000s_dis_200000t_bbbbbd.csv
3000000,200000,pseq,ms,4,2251,rep_3000000s_dis_200000t_bbbbbd.csv
3000000,200000,pseq,ms,5,1299,rep_3000000s_dis_200000t_bbbbbd.csv
3000000,200000,pseq,ms,6,792,rep_3000000s_dis_200000t_bbbbbd.csv
3000000,200000,pseq,ms,7,411,rep_3000000s_dis_200000t_bbbbbd.csv
3000000,200000,pseq,ms,8,218,rep_3000000s_dis_200000t_bbbbbd.csv
3000000,200000,pseq,ms,9,136,rep_3000000s_dis_200000t_bbbbbd.csv
3000000,200000,pseq,ms,10,75,rep_3000000s_dis_200000t_bbbbbd.csv
3000000,200000,pseq,ms,11,38,rep_3000000s_dis_200000t_bbbbbd.csv
3000000,200000,pseq,ms,12,12,rep_3000000s_dis_200000t_bbbbbd.csv
3000000,200000,pseq,ms,13,3,rep_3000000s_dis_200000t_bbbbbd.csv
3000000,200000,pseq,ms,14,1,rep_3000000s_dis_200000t_bbbbbd.csv
3000000,200000,pseq,ms,15,2,rep_3000000s_dis_200000t_bbbbbd.csv
3000000,200000,wlseq,ms,0,7782,rep_3000000s_dis_200000t_bbbbbd.csv
3000000,200000,wlseq,ms,1,6532,rep_3000000s_dis_200000t_bbbbbd.csv
3000000,200000,wlseq,ms,2,5525,rep_3000000s_dis_200000t_bbbbbd.csv
3000000,200000,wlseq,ms,3,4462,rep_3000000s_dis_200000t_bbbbbd.csv
3000000,200000,wlseq,ms,4,3588,rep_3000000s_dis_200000t_bbbbbd.csv
3000000,200000,wlseq,ms,5,3093,rep_3000000s_dis_200000t_bbbbbd.csv
3000000,200000,wlseq,ms,6,2376,rep_3000000s_dis_200000t_bbbbbd.csv
3000000,200000,wlseq,ms,7,1945,rep_3000000s_dis_200000t_bbbbbd.csv
3000000,200000,wlseq,ms,8,1429,rep_3000000s_dis_200000t_bbbbbd.csv
3000000,200000,wlseq,ms,9,1151,rep_3000000s_dis_200000t_bbbbbd.csv
3000000,200000,wlseq,ms,10,860,rep_3000000s_dis_200000t_bbbbbd.csv
3000000,200000,wlseq,ms,11,711,rep_3000000s_dis_200000t_bbbbbd.csv
3000000,200000,wlseq,ms,12,561,rep_3000000s_dis_200000t_bbbbbd.csv
3000000,200000,wlseq,ms,13,404,rep_3000000s_dis_200000t_bbbbbd.csv
3000000,200000,wlseq,ms,14,297,rep_3000000s_dis_200000t_bbbbbd.csv
3000000,200000,wlseq,ms,15,213,rep_3000000s_dis_200000t_bbbbbd.csv
3000000,200000,wlseq,ms,16,179,rep_3000000s_dis_200000t_bbbbbd.csv
3000000,200000,wlseq,ms,17,132,rep_3000000s_dis_200000t_bbbbbd.csv
3000000,200000,wlseq,ms,18,84,rep_3000000s_dis_200000t_bbbbbd.csv
3000000,200000,wlseq,ms,19,65,rep_3000000s_dis_200000t_bbbbbd.csv
3000000,200000,wlseq,ms,20,56,rep_3000000s_dis_200000t_bbbbbd.csv
3000000,200000,wlseq,ms,21,40,rep_3000000s_dis_200000t_bbbbbd.csv
3000000,200000,wlseq,ms,22,20,rep_3000000s_dis_200000t_bbbbbd.csv
3000000,200000,wlseq,ms,23,19,rep_3000000s_dis_200000t_bbbbbd.csv
3000000,200000,wlseq,ms,24,9,rep_3000000s_dis_200000t_bbbbbd.csv
3000000,200000,wlseq,ms,25,13,rep_3000000s_dis_200000t_bbbbbd.csv
3000000,200000,wlseq,ms,26,11,rep_3000000s_dis_200000t_bbbbbd.csv
3000000,200000,wlseq,ms,27,6,rep_3000000s_dis_200000t_bbbbbd.csv
3000000,200000,wlseq,ms,28,5,rep_3000000s_dis_200000t_bbbbbd.csv
3000000,200000,wlseq,ms,29,1,rep_3000000s_dis_200000t_bbbbbd.csv
3000000,200000,wlseq,ms,30,4,rep_3000000s_dis_200000t_bbbbbd.csv
3000000,200000,wlseq,ms,31,2,rep_3000000s_dis_200000t_bbbbbd.csv
3000000,200000,wlseq,ms,32,1,rep_3000000s_dis_200000t_bbbbbd.csv
3000000,200000,wlseq,ms,34,1,rep_3000000s_dis_200000t_bbbbbd.csv
3000000,200000,wlseq,ms,35,1,rep_3000000s_dis_200000t_bbbbbd.csv
3000000,200000,wlseq,ms,38,1,rep_3000000s_dis_200000t_bbbbbd.csv
3000000,200000,wlseq,ms,44,1,rep_3000000s_dis_200000t_bbbbbd.csv
3000000,200000,wl_calls,runs,b_na_nowl_narrow,30513,rep_3000000s_dis_200000t_bbbbbbd.csv
3000000,200000,wl_calls,runs,b_na_nowl_wide,3786,rep_3000000s_dis_200000t_bbbbbbd.csv
3000000,200000,wl_calls,runs,b_na_wl_narrow,129964,rep_3000000s_dis_200000t_bbbbbbd.csv
3000000,200000,wl_calls,runs,b_na_wl_wide,39945,rep_3000000s_dis_200000t_bbbbbbd.csv
3000000,200000,wl_calls,runs,d_na_nowl_narrow,64504,rep_3000000s_dis_200000t_bbbbbbd.csv
3000000,200000,wl_calls,runs,d_na_nowl_wide,26910,rep_3000000s_dis_200000t_bbbbbbd.csv
3000000,200000,wl_calls,runs,d_na_wl_narrow,8714,rep_3000000s_dis_200000t_bbbbbbd.csv
3000000,200000,wl_calls,runs,d_na_wl_wide,5640,rep_3000000s_dis_200000t_bbbbbbd.csv
3000000,200000,wl_calls,ms,?_maxrep_wl_wide,1,rep_3000000s_dis_200000t_bbbbbbd.csv
3000000,200000,wl_calls,ms,?_nomaxrep_nowl_narrow,1,rep_3000000s_dis_200000t_bbbbbbd.csv
3000000,200000,wl_calls,ms,b_maxrep_wl_narrow,17479,rep_3000000s_dis_200000t_bbbbbbd.csv
3000000,200000,wl_calls,ms,b_maxrep_wl_wide,19368,rep_3000000s_dis_200000t_bbbbbbd.csv
3000000,200000,wl_calls,ms,b_nomaxrep_nowl_narrow,30180,rep_3000000s_dis_200000t_bbbbbbd.csv
3000000,200000,wl_calls,ms,b_nomaxrep_nowl_wide,3850,rep_3000000s_dis_200000t_bbbbbbd.csv
3000000,200000,wl_calls,ms,b_nomaxrep_wl_narrow,113162,rep_3000000s_dis_200000t_bbbbbbd.csv
3000000,200000,wl_calls,ms,b_nomaxrep_wl_wide,19954,rep_3000000s_dis_200000t_bbbbbbd.csv
3000000,200000,wl_calls,ms,d_maxrep_nowl_wide,1,rep_3000000s_dis_200000t_bbbbbbd.csv
3000000,200000,wl_calls,ms,d_maxrep_wl_narrow,4919,rep_3000000s_dis_200000t_bbbbbbd.csv
3000000,200000,wl_calls,ms,d_maxrep_wl_wide,5235,rep_3000000s_dis_200000t_bbbbbbd.csv
3000000,200000,wl_calls,ms,d_nomaxrep_nowl_narrow,64440,rep_3000000s_dis_200000t_bbbbbbd.csv
3000000,200000,wl_calls,ms,d_nomaxrep_nowl_wide,27470,rep_3000000s_dis_200000t_bbbbbbd.csv
3000000,200000,wl_calls,ms,d_nomaxrep_wl_narrow,3754,rep_3000000s_dis_200000t_bbbbbbd.csv
3000000,200000,wl_calls,ms,d_nomaxrep_wl_wide,375,rep_3000000s_dis_200000t_bbbbbbd.csv
3000000,200000,pseq,runs,1,20225,rep_3000000s_dis_200000t_bbbbbbd.csv
3000000,200000,pseq,runs,2,6631,rep_3000000s_dis_200000t_bbbbbbd.csv
3000000,200000,pseq,runs,3,3603,rep_3000000s_dis_200000t_bbbbbbd.csv
3000000,200000,pseq,runs,4,2151,rep_3000000s_dis_200000t_bbbbbbd.csv
3000000,200000,pseq,runs,5,1264,rep_3000000s_dis_200000t_bbbbbbd.csv
3000000,200000,pseq,runs,6,754,rep_3000000s_dis_200000t_bbbbbbd.csv
3000000,200000,pseq,runs,7,532,rep_3000000s_dis_200000t_bbbbbbd.csv
3000000,200000,pseq,runs,8,320,rep_3000000s_dis_200000t_bbbbbbd.csv
3000000,200000,pseq,runs,9,162,rep_3000000s_dis_200000t_bbbbbbd.csv
3000000,200000,pseq,runs,10,109,rep_3000000s_dis_200000t_bbbbbbd.csv
3000000,200000,pseq,runs,11,56,rep_3000000s_dis_200000t_bbbbbbd.csv
3000000,200000,pseq,runs,12,37,rep_3000000s_dis_200000t_bbbbbbd.csv
3000000,200000,pseq,runs,13,17,rep_3000000s_dis_200000t_bbbbbbd.csv
3000000,200000,pseq,runs,14,8,rep_3000000s_dis_200000t_bbbbbbd.csv
3000000,200000,pseq,runs,15,4,rep_3000000s_dis_200000t_bbbbbbd.csv
3000000,200000,pseq,runs,16,1,rep_3000000s_dis_200000t_bbbbbbd.csv
3000000,200000,pseq,runs,17,1,rep_3000000s_dis_200000t_bbbbbbd.csv
3000000,200000,pseq,runs,19,2,rep_3000000s_dis_200000t_bbbbbbd.csv
3000000,200000,pseq,ms,1,20375,rep_3000000s_dis_200000t_bbbbbbd.csv
3000000,200000,pseq,ms,2,6532,rep_3000000s_dis_200000t_bbbbbbd.csv
3000000,200000,pseq,ms,3,3425,rep_3000000s_dis_200000t_bbbbbbd.csv
3000000,200000,pseq,ms,4,2110,rep_3000000s_dis_200000t_bbbbbbd.csv
3000000,200000,pseq,ms,5,1391,rep_3000000s_dis_200000t_bbbbbbd.csv
3000000,200000,pseq,ms,6,817,rep_3000000s_dis_200000t_bbbbbbd.csv
3000000,200000,pseq,ms,7,504,rep_3000000s_dis_200000t_bbbbbbd.csv
3000000,200000,pseq,ms,8,310,rep_3000000s_dis_200000t_bbbbbbd.csv
3000000,200000,pseq,ms,9,159,rep_3000000s_dis_200000t_bbbbbbd.csv
3000000,200000,pseq,ms,10,118,rep_3000000s_dis_200000t_bbbbbbd.csv
3000000,200000,pseq,ms,11,56,rep_3000000s_dis_200000t_bbbbbbd.csv
3000000,200000,pseq,ms,12,37,rep_3000000s_dis_200000t_bbbbbbd.csv
3000000,200000,pseq,ms,13,18,rep_3000000s_dis_200000t_bbbbbbd.csv
3000000,200000,pseq,ms,14,14,rep_3000000s_dis_200000t_bbbbbbd.csv
3000000,200000,pseq,ms,15,1,rep_3000000s_dis_200000t_bbbbbbd.csv
3000000,200000,pseq,ms,16,4,rep_3000000s_dis_200000t_bbbbbbd.csv
3000000,200000,pseq,ms,17,2,rep_3000000s_dis_200000t_bbbbbbd.csv
3000000,200000,pseq,ms,18,1,rep_3000000s_dis_200000t_bbbbbbd.csv
3000000,200000,pseq,ms,19,1,rep_3000000s_dis_200000t_bbbbbbd.csv
3000000,200000,pseq,ms,20,1,rep_3000000s_dis_200000t_bbbbbbd.csv
3000000,200000,pseq,ms,21,1,rep_3000000s_dis_200000t_bbbbbbd.csv
3000000,200000,wlseq,ms,0,5829,rep_3000000s_dis_200000t_bbbbbbd.csv
3000000,200000,wlseq,ms,1,4898,rep_3000000s_dis_200000t_bbbbbbd.csv
3000000,200000,wlseq,ms,2,4055,rep_3000000s_dis_200000t_bbbbbbd.csv
3000000,200000,wlseq,ms,3,3830,rep_3000000s_dis_200000t_bbbbbbd.csv
3000000,200000,wlseq,ms,4,3149,rep_3000000s_dis_200000t_bbbbbbd.csv
3000000,200000,wlseq,ms,5,2630,rep_3000000s_dis_200000t_bbbbbbd.csv
3000000,200000,wlseq,ms,6,2139,rep_3000000s_dis_200000t_bbbbbbd.csv
3000000,200000,wlseq,ms,7,1796,rep_3000000s_dis_200000t_bbbbbbd.csv
3000000,200000,wlseq,ms,8,1509,rep_3000000s_dis_200000t_bbbbbbd.csv
3000000,200000,wlseq,ms,9,1241,rep_3000000s_dis_200000t_bbbbbbd.csv
3000000,200000,wlseq,ms,10,1012,rep_3000000s_dis_200000t_bbbbbbd.csv
3000000,200000,wlseq,ms,11,830,rep_3000000s_dis_200000t_bbbbbbd.csv
3000000,200000,wlseq,ms,12,600,rep_3000000s_dis_200000t_bbbbbbd.csv
3000000,200000,wlseq,ms,13,511,rep_3000000s_dis_200000t_bbbbbbd.csv
3000000,200000,wlseq,ms,14,415,rep_3000000s_dis_200000t_bbbbbbd.csv
3000000,200000,wlseq,ms,15,337,rep_3000000s_dis_200000t_bbbbbbd.csv
3000000,200000,wlseq,ms,16,229,rep_3000000s_dis_200000t_bbbbbbd.csv
3000000,200000,wlseq,ms,17,200,rep_3000000s_dis_200000t_bbbbbbd.csv
3000000,200000,wlseq,ms,18,158,rep_3000000s_dis_200000t_bbbbbbd.csv
3000000,200000,wlseq,ms,19,120,rep_3000000s_dis_200000t_bbbbbbd.csv
3000000,200000,wlseq,ms,20,97,rep_3000000s_dis_200000t_bbbbbbd.csv
3000000,200000,wlseq,ms,21,67,rep_3000000s_dis_200000t_bbbbbbd.csv
3000000,200000,wlseq,ms,22,64,rep_3000000s_dis_200000t_bbbbbbd.csv
3000000,200000,wlseq,ms,23,36,rep_3000000s_dis_200000t_bbbbbbd.csv
3000000,200000,wlseq,ms,24,26,rep_3000000s_dis_200000t_bbbbbbd.csv
3000000,200000,wlseq,ms,25,21,rep_3000000s_dis_200000t_bbbbbbd.csv
3000000,200000,wlseq,ms,26,13,rep_3000000s_dis_200000t_bbbbbbd.csv
3000000,200000,wlseq,ms,27,17,rep_3000000s_dis_200000t_bbbbbbd.csv
3000000,200000,wlseq,ms,28,10,rep_3000000s_dis_200000t_bbbbbbd.csv
3000000,200000,wlseq,ms,29,8,rep_3000000s_dis_200000t_bbbbbbd.csv
3000000,200000,wlseq,ms,30,5,rep_3000000s_dis_200000t_bbbbbbd.csv
3000000,200000,wlseq,ms,31,3,rep_3000000s_dis_200000t_bbbbbbd.csv
3000000,200000,wlseq,ms,32,7,rep_3000000s_dis_200000t_bbbbbbd.csv
3000000,200000,wlseq,ms,33,1,rep_3000000s_dis_200000t_bbbbbbd.csv
3000000,200000,wlseq,ms,34,3,rep_3000000s_dis_200000t_bbbbbbd.csv
3000000,200000,wlseq,ms,35,3,rep_3000000s_dis_200000t_bbbbbbd.csv
3000000,200000,wlseq,ms,36,4,rep_3000000s_dis_200000t_bbbbbbd.csv
3000000,200000,wlseq,ms,37,2,rep_3000000s_dis_200000t_bbbbbbd.csv
3000000,200000,wlseq,ms,38,1,rep_3000000s_dis_200000t_bbbbbbd.csv
3000000,200000,wlseq,ms,40,1,rep_3000000s_dis_200000t_bbbbbbd.csv
3000000,200000,wlseq,ms,41,1,rep_3000000s_dis_200000t_bbbbbbd.csv
3000000,200000,wl_calls,runs,c_na_nowl_narrow,15406,rep_3000000s_dis_200000t_ccccccccccccd.csv
3000000,200000,wl_calls,runs,c_na_nowl_wide,1538,rep_3000000s_dis_200000t_ccccccccccccd.csv
3000000,200000,wl_calls,runs,c_na_wl_narrow,141886,rep_3000000s_dis_200000t_ccccccccccccd.csv
3000000,200000,wl_calls,runs,c_na_wl_wide,42416,rep_3000000s_dis_200000t_ccccccccccccd.csv
3000000,200000,wl_calls,runs,d_na_nowl_narrow,42566,rep_3000000s_dis_200000t_ccccccccccccd.csv
3000000,200000,wl_calls,runs,d_na_nowl_wide,25099,rep_3000000s_dis_200000t_ccccccccccccd.csv
3000000,200000,wl_calls,runs,d_na_wl_narrow,3430,rep_3000000s_dis_200000t_ccccccccccccd.csv
3000000,200000,wl_calls,runs,d_na_wl_wide,3217,rep_3000000s_dis_200000t_ccccccccccccd.csv
3000000,200000,wl_calls,ms,?_maxrep_wl_wide,1,rep_3000000s_dis_200000t_ccccccccccccd.csv
3000000,200000,wl_calls,ms,?_nomaxrep_nowl_narrow,1,rep_3000000s_dis_200000t_ccccccccccccd.csv
3000000,200000,wl_calls,ms,c_maxrep_wl_narrow,15322,rep_3000000s_dis_200000t_ccccccccccccd.csv
3000000,200000,wl_calls,ms,c_maxrep_wl_wide,20232,rep_3000000s_dis_200000t_ccccccccccccd.csv
3000000,200000,wl_calls,ms,c_nomaxrep_nowl_narrow,15777,rep_3000000s_dis_200000t_ccccccccccccd.csv
3000000,200000,wl_calls,ms,c_nomaxrep_nowl_wide,1209,rep_3000000s_dis_200000t_ccccccccccccd.csv
3000000,200000,wl_calls,ms,c_nomaxrep_wl_narrow,126839,rep_3000000s_dis_200000t_ccccccccccccd.csv
3000000,200000,wl_calls,ms,c_nomaxrep_wl_wide,21886,rep_3000000s_dis_200000t_ccccccccccccd.csv
3000000,200000,wl_calls,ms,d_maxrep_nowl_narrow,2,rep_3000000s_dis_200000t_ccccccccccccd.csv
3000000,200000,wl_calls,ms,d_maxrep_nowl_wide,6,rep_3000000s_dis_200000t_ccccccccccccd.csv
3000000,200000,wl_calls,ms,d_maxrep_wl_narrow,2245,rep_3000000s_dis_200000t_ccccccccccccd.csv
3000000,200000,wl_calls,ms,d_maxrep_wl_wide,3138,rep_3000000s_dis_200000t_ccccccccccccd.csv
3000000,200000,wl_calls,ms,d_nomaxrep_nowl_narrow,42300,rep_3000000s_dis_200000t_ccccccccccccd.csv
3000000,200000,wl_calls,ms,d_nomaxrep_nowl_wide,25220,rep_3000000s_dis_200000t_ccccccccccccd.csv
3000000,200000,wl_calls,ms,d_nomaxrep_wl_narrow,1020,rep_3000000s_dis_200000t_ccccccccccccd.csv
3000000,200000,wl_calls,ms,d_nomaxrep_wl_wide,77,rep_3000000s_dis_200000t_ccccccccccccd.csv
3000000,200000,pseq,runs,1,10165,rep_3000000s_dis_200000t_ccccccccccccd.csv
3000000,200000,pseq,runs,2,2972,rep_3000000s_dis_200000t_ccccccccccccd.csv
3000000,200000,pseq,runs,3,1778,rep_3000000s_dis_200000t_ccccccccccccd.csv
3000000,200000,pseq,runs,4,1178,rep_3000000s_dis_200000t_ccccccccccccd.csv
3000000,200000,pseq,runs,5,874,rep_3000000s_dis_200000t_ccccccccccccd.csv
3000000,200000,pseq,runs,6,627,rep_3000000s_dis_200000t_ccccccccccccd.csv
3000000,200000,pseq,runs,7,465,rep_3000000s_dis_200000t_ccccccccccccd.csv
3000000,200000,pseq,runs,8,351,rep_3000000s_dis_200000t_ccccccccccccd.csv
3000000,200000,pseq,runs,9,295,rep_3000000s_dis_200000t_ccccccccccccd.csv
3000000,200000,pseq,runs,10,213,rep_3000000s_dis_200000t_ccccccccccccd.csv
3000000,200000,pseq,runs,11,185,rep_3000000s_dis_200000t_ccccccccccccd.csv
3000000,200000,pseq,runs,12,118,rep_3000000s_dis_200000t_ccccccccccccd.csv
3000000,200000,pseq,runs,13,114,rep_3000000s_dis_200000t_ccccccccccccd.csv
3000000,200000,pseq,runs,14,97,rep_3000000s_dis_200000t_ccccccccccccd.csv
3000000,200000,pseq,runs,15,82,rep_3000000s_dis_200000t_ccccccccccccd.csv
3000000,200000,pseq,runs,16,41,rep_3000000s_dis_200000t_ccccccccccccd.csv
3000000,200000,pseq,runs,17,49,rep_3000000s_dis_200000t_ccccccccccccd.csv
3000000,200000,pseq,runs,18,27,rep_3000000s_dis_200000t_ccccccccccccd.csv
3000000,200000,pseq,runs,19,17,rep_3000000s_dis_200000t_ccccccccccccd.csv
3000000,200000,pseq,runs,20,14,rep_3000000s_dis_200000t_ccccccccccccd.csv
3000000,200000,pseq,runs,21,9,rep_3000000s_dis_200000t_ccccccccccccd.csv
3000000,200000,pseq,runs,22,3,rep_3000000s_dis_200000t_ccccccccccccd.csv
3000000,200000,pseq,runs,23,6,rep_3000000s_dis_200000t_ccccccccccccd.csv
3000000,200000,pseq,runs,24,3,rep_3000000s_dis_200000t_ccccccccccccd.csv
3000000,200000,pseq,runs,25,1,rep_3000000s_dis_200000t_ccccccccccccd.csv
3000000,200000,pseq,runs,27,2,rep_3000000s_dis_200000t_ccccccccccccd.csv
3000000,200000,pseq,runs,28,1,rep_3000000s_dis_200000t_ccccccccccccd.csv
3000000,200000,pseq,runs,32,2,rep_3000000s_dis_200000t_ccccccccccccd.csv
3000000,200000,pseq,ms,1,10282,rep_3000000s_dis_200000t_ccccccccccccd.csv
3000000,200000,pseq,ms,2,2978,rep_3000000s_dis_200000t_ccccccccccccd.csv
3000000,200000,pseq,ms,3,1708,rep_3000000s_dis_200000t_ccccccccccccd.csv
3000000,200000,pseq,ms,4,1185,rep_3000000s_dis_200000t_ccccccccccccd.csv
3000000,200000,pseq,ms,5,856,rep_3000000s_dis_200000t_ccccccccccccd.csv
3000000,200000,pseq,ms,6,658,rep_3000000s_dis_200000t_ccccccccccccd.csv
3000000,200000,pseq,ms,7,457,rep_3000000s_dis_200000t_ccccccccccccd.csv
3000000,200000,pseq,ms,8,350,rep_3000000s_dis_200000t_ccccccccccccd.csv
3000000,200000,pseq,ms,9,275,rep_3000000s_dis_200000t_ccccccccccccd.csv
3000000,200000,pseq,ms,10,182,rep_3000000s_dis_200000t_ccccccccccccd.csv
3000000,200000,pseq,ms,11,169,rep_3000000s_dis_200000t_ccccccccccccd.csv
3000000,200000,pseq,ms,12,125,rep_3000000s_dis_200000t_ccccccccccccd.csv
3000000,200000,pseq,ms,13,109,rep_3000000s_dis_200000t_ccccccccccccd.csv
3000000,200000,pseq,ms,14,67,rep_3000000s_dis_200000t_ccccccccccccd.csv
3000000,200000,pseq,ms,15,62,rep_3000000s_dis_200000t_ccccccccccccd.csv
3000000,200000,pseq,ms,16,48,rep_3000000s_dis_200000t_ccccccccccccd.csv
3000000,200000,pseq,ms,17,49,rep_3000000s_dis_200000t_ccccccccccccd.csv
3000000,200000,pseq,ms,18,21,rep_3000000s_dis_200000t_ccccccccccccd.csv
3000000,200000,pseq,ms,19,20,rep_3000000s_dis_200000t_ccccccccccccd.csv
3000000,200000,pseq,ms,20,23,rep_3000000s_dis_200000t_ccccccccccccd.csv
3000000,200000,pseq,ms,21,21,rep_3000000s_dis_200000t_ccccccccccccd.csv
3000000,200000,pseq,ms,22,10,rep_3000000s_dis_200000t_ccccccccccccd.csv
3000000,200000,pseq,ms,23,14,rep_3000000s_dis_200000t_ccccccccccccd.csv
3000000,200000,pseq,ms,24,9,rep_3000000s_dis_200000t_ccccccccccccd.csv
3000000,200000,pseq,ms,25,3,rep_3000000s_dis_200000t_ccccccccccccd.csv
3000000,200000,pseq,ms,26,4,rep_3000000s_dis_200000t_ccccccccccccd.csv
3000000,200000,pseq,ms,27,1,rep_3000000s_dis_200000t_ccccccccccccd.csv
3000000,200000,pseq,ms,30,1,rep_3000000s_dis_200000t_ccccccccccccd.csv
3000000,200000,pseq,ms,31,1,rep_3000000s_dis_200000t_ccccccccccccd.csv
3000000,200000,pseq,ms,32,1,rep_3000000s_dis_200000t_ccccccccccccd.csv
3000000,200000,wlseq,ms,0,1787,rep_3000000s_dis_200000t_ccccccccccccd.csv
3000000,200000,wlseq,ms,1,1654,rep_3000000s_dis_200000t_ccccccccccccd.csv
3000000,200000,wlseq,ms,2,1454,rep_3000000s_dis_200000t_ccccccccccccd.csv
3000000,200000,wlseq,ms,3,1272,rep_3000000s_dis_200000t_ccccccccccccd.csv
3000000,200000,wlseq,ms,4,1250,rep_3000000s_dis_200000t_ccccccccccccd.csv
3000000,200000,wlseq,ms,5,1154,rep_3000000s_dis_200000t_ccccccccccccd.csv
3000000,200000,wlseq,ms,6,1053,rep_3000000s_dis_200000t_ccccccccccccd.csv
3000000,200000,wlseq,ms,7,963,rep_3000000s_dis_200000t_ccccccccccccd.csv
3000000,200000,wlseq,ms,8,925,rep_3000000s_dis_200000t_ccccccccccccd.csv
3000000,200000,wlseq,ms,9,884,rep_3000000s_dis_200000t_ccccccccccccd.csv
3000000,200000,wlseq,ms,10,767,rep_3000000s_dis_200000t_ccccccccccccd.csv
3000000,200000,wlseq,ms,11,674,rep_3000000s_dis_200000t_ccccccccccccd.csv
3000000,200000,wlseq,ms,12,584,rep_3000000s_dis_200000t_ccccccccccccd.csv
3000000,200000,wlseq,ms,13,528,rep_3000000s_dis_200000t_ccccccccccccd.csv
3000000,200000,wlseq,ms,14,530,rep_3000000s_dis_200000t_ccccccccccccd.csv
3000000,200000,wlseq,ms,15,454,rep_3000000s_dis_200000t_ccccccccccccd.csv
3000000,200000,wlseq,ms,16,388,rep_3000000s_dis_200000t_ccccccccccccd.csv
3000000,200000,wlseq,ms,17,340,rep_3000000s_dis_200000t_ccccccccccccd.csv
3000000,200000,wlseq,ms,18,324,rep_3000000s_dis_200000t_ccccccccccccd.csv
3000000,200000,wlseq,ms,19,305,rep_3000000s_dis_200000t_ccccccccccccd.csv
3000000,200000,wlseq,ms,20,249,rep_3000000s_dis_200000t_ccccccccccccd.csv
3000000,200000,wlseq,ms,21,260,rep_3000000s_dis_200000t_ccccccccccccd.csv
3000000,200000,wlseq,ms,22,216,rep_3000000s_dis_200000t_ccccccccccccd.csv
3000000,200000,wlseq,ms,23,176,rep_3000000s_dis_200000t_ccccccccccccd.csv
3000000,200000,wlseq,ms,24,166,rep_3000000s_dis_200000t_ccccccccccccd.csv
3000000,200000,wlseq,ms,25,171,rep_3000000s_dis_200000t_ccccccccccccd.csv
3000000,200000,wlseq,ms,26,129,rep_3000000s_dis_200000t_ccccccccccccd.csv
3000000,200000,wlseq,ms,27,132,rep_3000000s_dis_200000t_ccccccccccccd.csv
3000000,200000,wlseq,ms,28,102,rep_3000000s_dis_200000t_ccccccccccccd.csv
3000000,200000,wlseq,ms,29,100,rep_3000000s_dis_200000t_ccccccccccccd.csv
3000000,200000,wlseq,ms,30,98,rep_3000000s_dis_200000t_ccccccccccccd.csv
3000000,200000,wlseq,ms,31,75,rep_3000000s_dis_200000t_ccccccccccccd.csv
3000000,200000,wlseq,ms,32,66,rep_3000000s_dis_200000t_ccccccccccccd.csv
3000000,200000,wlseq,ms,33,58,rep_3000000s_dis_200000t_ccccccccccccd.csv
3000000,200000,wlseq,ms,34,36,rep_3000000s_dis_200000t_ccccccccccccd.csv
3000000,200000,wlseq,ms,35,45,rep_3000000s_dis_200000t_ccccccccccccd.csv
3000000,200000,wlseq,ms,36,37,rep_3000000s_dis_200000t_ccccccccccccd.csv
3000000,200000,wlseq,ms,37,43,rep_3000000s_dis_200000t_ccccccccccccd.csv
3000000,200000,wlseq,ms,38,20,rep_3000000s_dis_200000t_ccccccccccccd.csv
3000000,200000,wlseq,ms,39,31,rep_3000000s_dis_200000t_ccccccccccccd.csv
3000000,200000,wlseq,ms,40,23,rep_3000000s_dis_200000t_ccccccccccccd.csv
3000000,200000,wlseq,ms,41,22,rep_3000000s_dis_200000t_ccccccccccccd.csv
3000000,200000,wlseq,ms,42,21,rep_3000000s_dis_200000t_ccccccccccccd.csv
3000000,200000,wlseq,ms,43,18,rep_3000000s_dis_200000t_ccccccccccccd.csv
3000000,200000,wlseq,ms,44,15,rep_3000000s_dis_200000t_ccccccccccccd.csv
3000000,200000,wlseq,ms,45,14,rep_3000000s_dis_200000t_ccccccccccccd.csv
3000000,200000,wlseq,ms,46,12,rep_3000000s_dis_200000t_ccccccccccccd.csv
3000000,200000,wlseq,ms,47,4,rep_3000000s_dis_200000t_ccccccccccccd.csv
3000000,200000,wlseq,ms,48,12,rep_3000000s_dis_200000t_ccccccccccccd.csv
3000000,200000,wlseq,ms,49,10,rep_3000000s_dis_200000t_ccccccccccccd.csv
3000000,200000,wlseq,ms,50,4,rep_3000000s_dis_200000t_ccccccccccccd.csv
3000000,200000,wlseq,ms,51,5,rep_3000000s_dis_200000t_ccccccccccccd.csv
3000000,200000,wlseq,ms,52,3,rep_3000000s_dis_200000t_ccccccccccccd.csv
3000000,200000,wlseq,ms,53,4,rep_3000000s_dis_200000t_ccccccccccccd.csv
3000000,200000,wlseq,ms,54,2,rep_3000000s_dis_200000t_ccccccccccccd.csv
3000000,200000,wlseq,ms,56,1,rep_3000000s_dis_200000t_ccccccccccccd.csv
3000000,200000,wlseq,ms,57,6,rep_3000000s_dis_200000t_ccccccccccccd.csv
3000000,200000,wlseq,ms,58,2,rep_3000000s_dis_200000t_ccccccccccccd.csv
3000000,200000,wlseq,ms,59,5,rep_3000000s_dis_200000t_ccccccccccccd.csv
3000000,200000,wlseq,ms,61,1,rep_3000000s_dis_200000t_ccccccccccccd.csv
3000000,200000,wlseq,ms,63,1,rep_3000000s_dis_200000t_ccccccccccccd.csv
3000000,200000,wlseq,ms,66,1,rep_3000000s_dis_200000t_ccccccccccccd.csv
3000000,200000,wlseq,ms,67,1,rep_3000000s_dis_200000t_ccccccccccccd.csv
3000000,200000,wlseq,ms,69,1,rep_3000000s_dis_200000t_ccccccccccccd.csv
3000000,200000,wlseq,ms,75,1,rep_3000000s_dis_200000t_ccccccccccccd.csv
3000000,200000,wlseq,ms,76,1,rep_3000000s_dis_200000t_ccccccccccccd.csv
